id,display_name_en,description_text_en,description_rights_author,description_rights_license,description_rights_source_name,description_rights_source_url,image_full_size_url,image_thumbnail_url,image_full_size_rel_path,image_thumbnail_rel_path,image_rights_author,image_rights_license,image_rights_source_name,image_rights_source_url,status,last modified,original file URL,AATID,EFTID
CC00102,a-line,,,,,,,,,,,,,,incomplete,,,,
CC00185,above knee,,,,,,,,,,,,,,incomplete,,,,
CC00163,accordion pleats,"Wide, sharply pressed pleats, arranged in a row, evenly spaced and all turned in the same direction. For narrow pleats of a similar nature, use ""knife pleats.""",The J. Paul Getty Trust,Open Data Commons Attribution License,Art and Architecture Thesaurus (AAT),http://www.getty.edu/research/tools/vocabularies/aat/,,,,,,,,,incomplete,,,300228360,
CC00195,acetate,,,,,,,,,,,,,,incomplete,,,,
CC00196,acrylic,Synthetic fiber in which the fiber forming substance is composed of at least 85% acrylic resin.,The J. Paul Getty Trust,Open Data Commons Attribution License,Art and Architecture Thesaurus (AAT),http://www.getty.edu/research/tools/vocabularies/aat/,,,,,,,,,incomplete,,,300386559,
CC00151,angled waistline,,,,,,,,,,,,,,incomplete,,,,
CC00197,angora,"The long, fine hair from any breed of Angora rabbit. The white French rabbit is favored for its high-quality, soft hair. Angora dyes readily, but is difficult to spin because of its fine texture and it does not felt like common rabbit hair. It is usually mixed with sheep wool or other fibers for weaving.",The J. Paul Getty Trust,Open Data Commons Attribution License,Art and Architecture Thesaurus (AAT),http://www.getty.edu/research/tools/vocabularies/aat/,,,,,,,,,incomplete,,,300386672,
CC00186,ankle length,,,,,,,,,,,,,,incomplete,,,,
CC00074,applique,"Technique of forming a design by applying cut out pieces of a material to a ground material; generally associated with needleworking, but also used in ceramics, leatherworking, woodworking, and metalworking.",The J. Paul Getty Trust,Open Data Commons Attribution License,Art and Architecture Thesaurus (AAT),http://www.getty.edu/research/tools/vocabularies/aat/,,,,,,,,,incomplete,,,300053646,
CC00028,ascot,Neckcloths with broad ends usually looped and tied under the chin and sometimes secured by a stickpin.,The J. Paul Getty Trust,Open Data Commons Attribution License,Art and Architecture Thesaurus (AAT),http://www.getty.edu/vow/AATFullDisplay?find=ascot&logic=AND&note=&english=N&prev_page=1&subjectid=300210052,https://dressdiscover.org/img/worksheet/full_size/429px-Ascot.jpg,https://dressdiscover.org/img/worksheet/thumbnail/429px-Ascot.jpg,full_size/429px-Ascot.jpg,thumbnail/429px-Ascot.jpg,David Ring,Public domain,Wikipedia,https://commons.wikimedia.org/wiki/File:Ascot.jpg,uploaded,,https://upload.wikimedia.org/wikipedia/commons/8/8d/Ascot.jpg,300210052,
CC00152,asymmetrical,,,,,,,,,,,,,,incomplete,,,300056248,
CC00164,balloon skirt,,,,,,,,,,,,,,incomplete,,,,
CC00029,band (collar),"Flat, stand-up collars, starched, wired, or otherwise stiffened, especially those commonly worn by men and women in the 17th century.",The J. Paul Getty Trust,Open Data Commons Attribution License,Art and Architecture Thesaurus (AAT),http://www.getty.edu/vow/AATFullDisplay?find=band&logic=AND&note=&english=N&prev_page=1&subjectid=300217242,https://dressdiscover.org/img/worksheet/full_size/429px-Band_%28collar%29.jpg,https://dressdiscover.org/img/worksheet/thumbnail/429px-Band_%28collar%29.jpg,full_size/429px-Band_%28collar%29.jpg,thumbnail/429px-Band_%28collar%29.jpg,David Ring,Public domain,Wikipedia,https://commons.wikimedia.org/wiki/File:Band_(collar).jpg,uploaded,,,300217242,
CC00153,bare midriff,,,,,,,,,,,,,,incomplete,,,,
CC00198,basket weave,"Weaving technique with a simple criss-cross checkerboard pattern in which two or more filling yarns, or a single heavier yarn, pass over and under two or more warp yarns.",The J. Paul Getty Trust,Open Data Commons Attribution License,Art and Architecture Thesaurus (AAT),http://www.getty.edu/research/tools/vocabularies/aat/,,,,,,,,,incomplete,,,300400693,
CC00154,basque,,,,,,,,,,,,,,incomplete,,,,
CC00128,batwing,"A long sleeve with a deep armhole, tapering towards the wrist. Also known as a ""magyar"" sleeve.",Wikipedia contributors,Creative Commons Attribution-ShareAlike,Wikipedia,https://en.wikipedia.org/w/index.php?title=Sleeve&oldid=826178611,https://dressdiscover.org/img/worksheet/full_size/429px-Batwing_sleeve.jpg,https://dressdiscover.org/img/worksheet/thumbnail/429px-Batwing_sleeve.jpg,full_size/429px-Batwing_sleeve.jpg,thumbnail/429px-Batwing_sleeve.jpg,David Ring,Public domain,Wikipedia,https://commons.wikimedia.org/wiki/File%3ABatwing_sleeve.jpg,uploaded,,,,
CC00075,beading,"Trimming, furnishing, adorning, or covering textiles or objects with beads, or creating jewelry by stringing beads.",The J. Paul Getty Trust,Open Data Commons Attribution License,Art and Architecture Thesaurus (AAT),http://www.getty.edu/research/tools/vocabularies/aat/,,,,,,,,,incomplete,,,300235440,
CC00049,beige,"A variable color generally light grayish-yellowish brown, originally referring to the color of unbleached wool. (AAT)",The J. Paul Getty Trust,Open Data Commons Attribution License,Art and Architecture Thesaurus (AAT),http://www.getty.edu/research/tools/vocabularies/aat/,https://dressdiscover.org/img/worksheet/full_size/1280px-Royal_Winter_Fair_Wool.jpg,https://dressdiscover.org/img/worksheet/thumbnail/1280px-Royal_Winter_Fair_Wool.jpg,full_size/1280px-Royal_Winter_Fair_Wool.jpg,thumbnail/1280px-Royal_Winter_Fair_Wool.jpg,Wikimedia user Rob,Creative Commons Attribution 2.0 Generic,Wikipedia,https://commons.wikimedia.org/wiki/File:Royal_Winter_Fair_Wool.jpg,new,43471,https://upload.wikimedia.org/wikipedia/commons/4/4b/Royal_Winter_Fair_Wool.jpg,300266234,EFT10778
CC00129,bell skirt,,,,,,,,,,,,,,incomplete,,,,
CC00030,bertha,"Deep, capelike collars, often of lace or silk, worn about the shoulders by women.",The J. Paul Getty Trust,Open Data Commons Attribution License,Art and Architecture Thesaurus (AAT),http://www.getty.edu/research/tools/vocabularies/aat/,,,,,,,,,incomplete,,,300210054,
CC00103,bias-cut,,,,,,,,,,,,,,incomplete,,,,
CC00130,bishop sleeve,"A long sleeve, fuller at the bottom than the top, and gathered into a cuff",Wikipedia contributors,Creative Commons Attribution-ShareAlike,Wikipedia,https://en.wikipedia.org/w/index.php?title=Sleeve&oldid=826178611,https://dressdiscover.org/img/worksheet/full_size/Bishops_sleeve.jpg,https://dressdiscover.org/img/worksheet/thumbnail/Bishops_sleeve.jpg,full_size/Bishops_sleeve.jpg,thumbnail/Bishops_sleeve.jpg,Wikimedia user Henna,Public domain,Wikipedia,https://commons.wikimedia.org/wiki/File:Bishops_sleeve.jpg#metadata,uploaded,,,,
CC00050,black,"UCL (Universal Color Language) standard color name identifying a range of blackish colors. More specifically, black is an achromatic color of maximum darkness, referring to objects having little or no hue owing to the absorption of almost all light in the visible spectrum. In the context of pigments, black is theoretically the mixture of all colors. In the context of colors of light, black is the absence of light. (AAT)",The J. Paul Getty Trust,Open Data Commons Attribution License,Art and Architecture Thesaurus (AAT),http://www.getty.edu/research/tools/vocabularies/aat/,https://dressdiscover.org/img/worksheet/full_size/Color_icon_black.jpg,https://dressdiscover.org/img/worksheet/thumbnail/Color_icon_black.jpg,full_size/Color_icon_black.jpg,thumbnail/Color_icon_black.jpg,Wikimedia user Booyabazooka,Public domain,Wikipedia,https://commons.wikimedia.org/wiki/File:Color_icon_black.png,new,43470,https://upload.wikimedia.org/wikipedia/commons/8/81/Color_icon_black.png,300130920,
CC00051,blue,"Hue name for one of the three primary additive colors; that portion of the spectrum lying between green and violet, with a wavelength of about 420 to 490 nanometers, which is the shortest wavelength range of the three primary colors. The term may refer to any of this group of colors that vary in lightness and saturation. An example of blue color in nature is that of a clear sky during the day. (AAT)",The J. Paul Getty Trust,Open Data Commons Attribution License,Art and Architecture Thesaurus (AAT),http://www.getty.edu/research/tools/vocabularies/aat/,https://dressdiscover.org/img/worksheet/full_size/Color_icon_blue.jpg,https://dressdiscover.org/img/worksheet/thumbnail/Color_icon_blue.jpg,full_size/Color_icon_blue.jpg,thumbnail/Color_icon_blue.jpg,Wikimedia user Booyabazooka,Public domain,Wikipedia,https://commons.wikimedia.org/wiki/File:Color_icon_blue.svg,new,43470,https://upload.wikimedia.org/wikipedia/commons/b/bd/Color_icon_blue.svg,300129361,
CC00014,boat neck,,,,,,https://dressdiscover.org/img/worksheet/full_size/429px-Boat_neck.jpg,https://dressdiscover.org/img/worksheet/thumbnail/429px-Boat_neck.jpg,full_size/429px-Boat_neck.jpg,thumbnail/429px-Boat_neck.jpg,David Ring,Public domain,Wikipedia,https://commons.wikimedia.org/wiki/File:Boat_neck.jpg,uploaded,,https://upload.wikimedia.org/wikipedia/commons/f/fb/Boat_neck.jpg,,
CC00155,bolero,"Waist-length or shorter jackets, with or without sleeves, usually collarless, and worn open in the front; originally worn by men in Spain.",The J. Paul Getty Trust,Open Data Commons Attribution License,Art and Architecture Thesaurus (AAT),http://www.getty.edu/research/tools/vocabularies/aat/,,,,,,,,,incomplete,,,300209876,
CC00199,boning,,,,,,,,,,,,,,incomplete,,,,
CC00031,bow,"Applied clothing accessories that may be made of rope, ribbon or fabric. These consist of knots with two loops and two ends, fixed into decorative elements attached to clothing or other objects.",The J. Paul Getty Trust,Open Data Commons Attribution License,Art and Architecture Thesaurus (AAT),http://www.getty.edu/research/tools/vocabularies/aat/,,,,,,,,,incomplete,,,300411698,
CC00165,box-pleated,"Wide double pleats, with the material folded under at each side. For wide double pleats having the flat fold turned in rather than out, use ""inverted pleats.""",The J. Paul Getty Trust,Open Data Commons Attribution License,Art and Architecture Thesaurus (AAT),http://www.getty.edu/vow/AATFullDisplay?find=pleat&logic=AND&note=&english=N&prev_page=1&subjectid=300228368,https://dressdiscover.org/img/worksheet/full_size/800px-Box_pleats_1.jpg,https://dressdiscover.org/img/worksheet/thumbnail/800px-Box_pleats_1.jpg,full_size/800px-Box_pleats_1.jpg,thumbnail/800px-Box_pleats_1.jpg,maco *nix on Flickr,Creative Commons Attribution-Share Alike,Wikipedia,https://commons.wikimedia.org/wiki/File:Box_pleats_1.jpg,uploaded,,,,
CC00076,braiding,"Flat over-and-under oblique interlacing using the undifferentiated elements of a single set of strands, characterized by the oblique crossings of the elements and their common directional trend.",The J. Paul Getty Trust,Open Data Commons Attribution License,Art and Architecture Thesaurus (AAT),http://www.getty.edu/research/tools/vocabularies/aat/,,,,,,,,,incomplete,,,300053638,
CC00200,brocade,"Textile produced by brocading, typically richly figured and incorporating metal thread. (AAT)",The J. Paul Getty Trust,Open Data Commons Attribution License,Art and Architecture Thesaurus (AAT),http://www.getty.edu/vow/AATFullDisplay?find=brocade&logic=AND&note=&english=N&prev_page=1&subjectid=300227779,"https://dressdiscover.org/img/worksheet/full_size/431px-Dress_or_Furnishing_Fabric_Italy_or_France,_Textile._Silk_brocade_30_1-2_x_21_3-4__LACMA_M.81.69.6.jpg","https://dressdiscover.org/img/worksheet/thumbnail/431px-Dress_or_Furnishing_Fabric_Italy_or_France,_Textile._Silk_brocade_30_1-2_x_21_3-4__LACMA_M.81.69.6.jpg","full_size/431px-Dress_or_Furnishing_Fabric_Italy_or_France,_Textile._Silk_brocade_30_1-2_x_21_3-4__LACMA_M.81.69.6.jpg","thumbnail/431px-Dress_or_Furnishing_Fabric_Italy_or_France,_Textile._Silk_brocade_30_1-2_x_21_3-4__LACMA_M.81.69.6.jpg",LACMA,Public domain,Wikipedia,"https://commons.wikimedia.org/wiki/File:Dress_or_Furnishing_Fabric_Italy_or_France,_Textile._Silk_brocade_30_1-2_x_21_3-4%27_LACMA_M.81.69.6.jpg",uploaded,,,300227779,
CC00052,brown,"Hue name for any dull reddish-yellowish or orangish color of low brightness and saturation, resembling the color of wood or earth. Brown is a low luminance color that is typically produced by adding black or their complementary colors to red, orange, or yellow paint. It is considered an earth tone and has an unlimited numbers of shades. (AAT)",The J. Paul Getty Trust,Open Data Commons Attribution License,Art and Architecture Thesaurus (AAT),http://www.getty.edu/research/tools/vocabularies/aat/,https://dressdiscover.org/img/worksheet/full_size/Color_icon_brown.jpg,https://dressdiscover.org/img/worksheet/thumbnail/Color_icon_brown.jpg,full_size/Color_icon_brown.jpg,thumbnail/Color_icon_brown.jpg,Wikimedia user Booyabazooka,Public domain,Wikipedia,https://commons.wikimedia.org/wiki/File:Color_icon_brown.png,new,43470,https://upload.wikimedia.org/wikipedia/commons/3/32/Color_icon_brown.png,300127490,
CC00001,buckle,Devices used for fastening consisting of a usually open rectangular or rounded frame and a tongue or catch attached to one side or a vertical bar attached across the center. Sometimes used alone as an ornament.,The J. Paul Getty Trust,Open Data Commons Attribution License,Art and Architecture Thesaurus (AAT),http://www.getty.edu/research/tools/vocabularies/aat/,https://dressdiscover.org/img/worksheet/full_size/Buckle.jpg,https://dressdiscover.org/img/worksheet/thumbnail/Buckle.jpg,full_size/Buckle.jpg,thumbnail/Buckle.jpg,David Ring,Public domain,Wikipedia / Europeana Fashion Thesaurus,https://commons.wikimedia.org/wiki/File:Buckle.jpg,uploaded,,https://upload.wikimedia.org/wikipedia/commons/5/5a/Buckle.jpg,300239260,
CC00053,burgundy,,,,,,,,,,,,,,incomplete,,,,
CC00077,burn-out,,,,,,,,,,,,,,incomplete,,,,
CC00104,bustle,Frames of varied construction worn at or below the waist in the back to distend the garment backward at the hips.,The J. Paul Getty Trust,Open Data Commons Attribution License,Art and Architecture Thesaurus (AAT),http://www.getty.edu/vow/AATFullDisplay?find=&logic=AND&note=&subjectid=300210580,https://dressdiscover.org/img/worksheet/full_size/429px-Bustle.jpg,https://dressdiscover.org/img/worksheet/thumbnail/429px-Bustle.jpg,full_size/429px-Bustle.jpg,thumbnail/429px-Bustle.jpg,David Ring,Public domain,Wikipedia,https://commons.wikimedia.org/wiki/File:Bustle.jpg,uploaded,,,300210580,
CC00251,bustle skirt,,,,,,,,,,,,,,incomplete,,,#N/A,
CC00002,buttons,"Disks, balls, or devices of other shape having holes or a shank by which they are sewn or secured to an article and that are used as fasteners by passing through a buttonhole or loop or a trimming.",The J. Paul Getty Trust,Open Data Commons Attribution License,Art and Architecture Thesaurus (AAT),http://www.getty.edu/research/tools/vocabularies/aat/,https://dressdiscover.org/img/worksheet/full_size/Button.jpg,https://dressdiscover.org/img/worksheet/thumbnail/Button.jpg,full_size/Button.jpg,thumbnail/Button.jpg,Marco Bernardini,Creative Commons Attribution-Share Alike 3.0 Unported,Wikipedia,https://commons.wikimedia.org/wiki/File:Three_holes_buttons.jpg,uploaded,,https://upload.wikimedia.org/wikipedia/commons/4/49/Three_holes_buttons.jpg,300239261,
CC00201,camel hair,"Fine body hair, or camel wool, used as a textile fiber.",The J. Paul Getty Trust,Open Data Commons Attribution License,Art and Architecture Thesaurus (AAT),http://www.getty.edu/research/tools/vocabularies/aat/,,,,,,,,,incomplete,,,300011816,
CC00144,cap sleeve,,,,,,,,,,,,,,incomplete,,,,
CC00202,cashmere,"Yarn or fabric made from the fine, soft, light wool from the undercoat of the Kashmir goat.",The J. Paul Getty Trust,Open Data Commons Attribution License,Art and Architecture Thesaurus (AAT),http://www.getty.edu/research/tools/vocabularies/aat/,https://dressdiscover.org/img/worksheet/full_size/Dyed_100%_Cashmere_Wool.jpg,https://dressdiscover.org/img/worksheet/thumbnail/Dyed_100%_Cashmere_Wool.jpg,full_size/Dyed_100%_Cashmere_Wool.jpg,thumbnail/Dyed_100%_Cashmere_Wool.jpg,Wikipedia User Adrianrowe,Creative Commons Attribution-Share Alike 4.0 International,Wikipedia,https://commons.wikimedia.org/wiki/File:Dyed_100%25_Cashmere_Wool.jpg,new,43471,https://upload.wikimedia.org/wikipedia/commons/6/65/Dyed_100%25_Cashmere_Wool.jpg,300403905,
CC00032,Chelsea collar,,,,,,,,,,,,,,incomplete,,,,
CC00252,chemise dress,"Dresses which hang straight from the shoulders, sometimes tapering slightly at hips.",The J. Paul Getty Trust,Open Data Commons Attribution License,Art and Architecture Thesaurus (AAT),http://www.getty.edu/research/tools/vocabularies/aat/,,,,,,,,,incomplete,,,300214100,
CC00203,chiffon,"Sheer, lightweight plain-woven textile of fine, tightly-twisted yarn, originally of silk now also of various synthetic fibers, used, for example, for scarves, dresses, blouses, underwear, and veils. (AAT)",The J. Paul Getty Trust,Open Data Commons Attribution License,Art and Architecture Thesaurus (AAT),http://www.getty.edu/vow/AATFullDisplay?find=chiffon&logic=AND&note=&english=N&prev_page=1&subjectid=300249449,https://dressdiscover.org/img/worksheet/full_size/First_Lady_Betty_Ford_s_green_chiffon_gown_with_cape.jpg,https://dressdiscover.org/img/worksheet/thumbnail/First_Lady_Betty_Ford_s_green_chiffon_gown_with_cape.jpg,full_size/First_Lady_Betty_Ford_s_green_chiffon_gown_with_cape.jpg,thumbnail/First_Lady_Betty_Ford_s_green_chiffon_gown_with_cape.jpg,Gerald R. Ford Presidential Library and Museum,Public domain,Wikipedia,https://commons.wikimedia.org/wiki/File:First_Lady_Betty_Ford%27s_green_chiffon_gown_with_cape.jpg,new,43472,https://upload.wikimedia.org/wikipedia/commons/5/50/First_Lady_Betty_Ford%27s_green_chiffon_gown_with_cape.jpg,300249449,
CC00166,circle skirt,,,,,,,,,,,,,,incomplete,,,,
CC00323,coatdress,Tailored dresses styled like a coat and generally worn without an outer garment.,The J. Paul Getty Trust,Open Data Commons Attribution License,Art and Architecture Thesaurus (AAT),http://www.getty.edu/research/tools/vocabularies/aat/,,,,,,,,,incomplete,,,,
CC00033,convertible collar,,,,,,,,,,,,,,incomplete,,,,
CC00054,coral,Hard material consisting of calcium carbonate derived from the skeletal deposits of certain marine animals.,The J. Paul Getty Trust,Open Data Commons Attribution License,Art and Architecture Thesaurus (AAT),http://www.getty.edu/research/tools/vocabularies/aat/,,,,,,,,,incomplete,,,300011800,
CC00204,corduroy,"Weft pile weave with cut pile ribbed in the direction of the warp, usually made of cotton.",The J. Paul Getty Trust,Open Data Commons Attribution License,Art and Architecture Thesaurus (AAT),http://www.getty.edu/research/tools/vocabularies/aat/,https://dressdiscover.org/img/worksheet/full_size/Corduroy.jpg,https://dressdiscover.org/img/worksheet/thumbnail/Corduroy.jpg,full_size/Corduroy.jpg,thumbnail/Corduroy.jpg,Wikipedia user Ludek,Creative Commons Attribution-Share Alike,Wikipedia,https://commons.wikimedia.org/wiki/File:Mansestr.jpg,uploaded,,https://upload.wikimedia.org/wikipedia/commons/4/48/Mansestr.jpg,300014080,
CC00205,cotton,Textile made from cotton fiber.,The J. Paul Getty Trust,Open Data Commons Attribution License,Art and Architecture Thesaurus (AAT),http://www.getty.edu/research/tools/vocabularies/aat/,https://dressdiscover.org/img/worksheet/full_size/Cotton____03.JPG,https://dressdiscover.org/img/worksheet/thumbnail/Cotton____03.jpg,full_size/Cotton____03.JPG,thumbnail/Cotton____03.jpg,Wikipedia user കാക്കര,Creative Commons Attribution-Share Alike 3.0 Unported,Wikipedia,https://commons.wikimedia.org/wiki/File:Cotton_-_%E0%B4%AA%E0%B4%B0%E0%B5%81%E0%B4%A4%E0%B5%8D%E0%B4%A4%E0%B4%BF_03.JPG,new,43472,https://upload.wikimedia.org/wikipedia/commons/2/28/Cotton_-_%E0%B4%AA%E0%B4%B0%E0%B5%81%E0%B4%A4%E0%B5%8D%E0%B4%A4%E0%B4%BF_03.JPG,300014067,
CC00034,cowl neck,,,,,,,,,,,,,,incomplete,,,,
CC00055,cream,"Refers to a warm off-white color of various shades, reminiscent of the color of cream, which is the whitish-yellowish fatty thick material in milk that floats to the top.",The J. Paul Getty Trust,Open Data Commons Attribution License,Art and Architecture Thesaurus (AAT),http://www.getty.edu/research/tools/vocabularies/aat/,,,,,,,,,incomplete,,,300266242,
CC00206,crepe,"Lightweight textile made of various types of fiber, having a crinkled surface obtained by using hard twisted thread or yarn, by printing with caustic soda, by weaving with varied tensions, or by embossing. (AAT)",The J. Paul Getty Trust,Open Data Commons Attribution License,Art and Architecture Thesaurus (AAT),http://www.getty.edu/vow/AATFullDisplay?find=crepe&logic=AND&note=&english=N&prev_page=1&subjectid=300183741,,,,,,,,,incomplete,,,300183741,
CC00015,crew,,,,,,https://dressdiscover.org/img/worksheet/full_size/Blue_Tshirt.jpg,https://dressdiscover.org/img/worksheet/thumbnail/Blue_Tshirt.jpg,full_size/Blue_Tshirt.jpg,thumbnail/Blue_Tshirt.jpg,Wikimedia user Camisetas,Creative Commons Attribution-Share Alike,Wikipedia,https://commons.wikimedia.org/wiki/File:Blue_Tshirt.jpg,uploaded,,https://upload.wikimedia.org/wikipedia/commons/2/24/Blue_Tshirt.jpg,,
CC00324,crinoline (silhouette),,,,,,,,,,,,,,incomplete,,,300210554,
CC00207,crochet,"Needlework created by crocheting, which employs looped stitches made with a single cord or strand of yarn and a single hooked needle.",The J. Paul Getty Trust,Open Data Commons Attribution License,Art and Architecture Thesaurus (AAT),http://www.getty.edu/research/tools/vocabularies/aat/,https://dressdiscover.org/img/worksheet/full_size/Crochet__PSF_.png,https://dressdiscover.org/img/worksheet/thumbnail/Crochet__PSF_.jpg,full_size/Crochet__PSF_.png,thumbnail/Crochet__PSF_.jpg,Pearson Scott Foresman,Public domain,Wikipedia,https://commons.wikimedia.org/wiki/File:Crochet_(PSF).png,new,43472,https://upload.wikimedia.org/wikipedia/commons/8/89/Crochet_%28PSF%29.png,300264038,
CC00078,crocheting,"Textile construction involving the interlocking of looped stitches, employing a single cord or strand of yarn and a single hooked needle.",The J. Paul Getty Trust,Open Data Commons Attribution License,Art and Architecture Thesaurus (AAT),http://www.getty.edu/research/tools/vocabularies/aat/,,,,,,,,,incomplete,,,300053632,
CC00156,curved,"Shapes that are bent or formed into a curve, which is a line deviating from the straight or plane form continuously, without angles.",The J. Paul Getty Trust,Open Data Commons Attribution License,Art and Architecture Thesaurus (AAT),http://www.getty.edu/research/tools/vocabularies/aat/,,,,,,,,,incomplete,,,300010305,
CC00208,damask,"Woven figured textile with one warp and one weft in which the pattern is formed by a contrast of binding systems, and appears on the face and the back in reverse positions.",The J. Paul Getty Trust,Open Data Commons Attribution License,Art and Architecture Thesaurus (AAT),http://www.getty.edu/research/tools/vocabularies/aat/,https://dressdiscover.org/img/worksheet/full_size/Donsu_damask__cropped_.jpg,https://dressdiscover.org/img/worksheet/thumbnail/Donsu_damask__cropped_.jpg,full_size/Donsu_damask__cropped_.jpg,thumbnail/Donsu_damask__cropped_.jpg,Metropolitan Museum of Art,Public domain,Wikipedia,https://commons.wikimedia.org/wiki/File:Fragment_of_damask_with_marriage_emblems_MET_DP152960.jpg,new,43470,https://upload.wikimedia.org/wikipedia/commons/7/77/Fragment_of_damask_with_marriage_emblems_MET_DP152960.jpg,300163295,
CC00167,dirndl,"Fulls skirts gathered or pleated on a tight waistband.  Also, similar parts of dresses.",The J. Paul Getty Trust,Open Data Commons Attribution License,Art and Architecture Thesaurus (AAT),http://www.getty.edu/research/tools/vocabularies/aat/,,,,,,,,,incomplete,,,300209912,
CC00209,dobby weave,"Dobby weave is an allover figured fabric made on looms having a dobby attachment, with narrow strips of wood instead of Jacquard cards. Dobby weaves are limited to simple, small geometric figures, with the design repeated frequently, and are fairly inexpensive to produce.",The J. Paul Getty Trust,Open Data Commons Attribution License,Art and Architecture Thesaurus (AAT),http://www.getty.edu/research/tools/vocabularies/aat/,,,,,,,,,incomplete,,,300417868,
CC00131,dolman sleeve,,,,,,,,,,,,,,incomplete,,,,
CC00210,double-weave,,,,,,,,,,,,,,incomplete,,,,
CC00079,drawloom,,,,,,,,,,,,,,incomplete,,,,
CC00108,drop-waist,,,,,,,,,,,,,,incomplete,,,,
CC00157,dropped,,,,,,,,,,,,,,incomplete,,,,
CC00211,elastic,Textile having the characteristic that it can be stretched without permanent alteration of size or shape. Examples include yardage or strips of textile material comprising threads or thin strips of rubber or other another elastic substance covered by a woven material.,The J. Paul Getty Trust,Open Data Commons Attribution License,Art and Architecture Thesaurus (AAT),http://www.getty.edu/research/tools/vocabularies/aat/,,,,,,,,,incomplete,,,300404361,
CC00146,elbow length sleeve,,,,,,,,,,,,,,incomplete,,,,
CC00080,embossing,"Producing raised letters or designs on a surface, typically by means of stamping or molding.",The J. Paul Getty Trust,Open Data Commons Attribution License,Art and Architecture Thesaurus (AAT),http://www.getty.edu/research/tools/vocabularies/aat/,,,,,,,,,incomplete,,,300053826,
CC00081,embroidery,"Refers to works characterized by a pattern or design executed in stitches using thread or fine wire. The designs are typically executed on textiles, but leather, paper, or another media may also be used; the designs may be intended to be framed, or to decorate apparel, bed linens, furniture coverings, pillows, altar cloths, ceremonial hangings, or other items.",The J. Paul Getty Trust,Open Data Commons Attribution License,Art and Architecture Thesaurus (AAT),http://www.getty.edu/research/tools/vocabularies/aat/,,,,,,,,,incomplete,,,300264024,
CC00109,Empire dress,,,,,,,,,,,,,,incomplete,,,,
CC00149,extra long sleeve,,,,,,,,,,,,,,incomplete,,,,
CC00212,felt,"Textile constructed usually of wool and fur fiber often mixed with natural or synthetic fiber by the interlocking of the loose fiber through the action of heat, moisture, chemicals, and pressure without spinning, weaving, or knitting.",The J. Paul Getty Trust,Open Data Commons Attribution License,Art and Architecture Thesaurus (AAT),http://www.getty.edu/research/tools/vocabularies/aat/,https://dressdiscover.org/img/worksheet/full_size/Felt_cloth.jpg,https://dressdiscover.org/img/worksheet/thumbnail/Felt_cloth.jpg,full_size/Felt_cloth.jpg,thumbnail/Felt_cloth.jpg,Wikipedia user Sannse,Creative Commons Attribution-Share Alike 3.0 Unported,Wikipedia,https://commons.wikimedia.org/wiki/File:Felt_cloth.jpg,new,43472,https://upload.wikimedia.org/wikipedia/commons/d/d4/Felt_cloth.jpg,300014107,
CC00213,fiber blend,,,,,,,,,,,,,,incomplete,,,,
CC00110,fit and flare,,,,,,,,,,,,,,incomplete,,,,
CC00168,flared,,,,,,,,,,,,,,incomplete,,,,
CC00082,flocking,"Creating a textured effect similar to suede or felt by blowing fibers of cotton, silk, nylon, or other material onto a tacky surface, usually paper.",The J. Paul Getty Trust,Open Data Commons Attribution License,Art and Architecture Thesaurus (AAT),http://www.getty.edu/research/tools/vocabularies/aat/,,,,,,,,,incomplete,,,300053786,
CC00187,floor length,,,,,,https://dressdiscover.org/img/worksheet/full_size/First_Lady_Betty_Ford_s_orange_and_pink_striped_gown.jpg,https://dressdiscover.org/img/worksheet/thumbnail/First_Lady_Betty_Ford_s_orange_and_pink_striped_gown.jpg,full_size/First_Lady_Betty_Ford_s_orange_and_pink_striped_gown.jpg,thumbnail/First_Lady_Betty_Ford_s_orange_and_pink_striped_gown.jpg,Gerald R. Ford Presidential Library and Museum,Public domain,Wikipedia,https://commons.wikimedia.org/wiki/File:First_Lady_Betty_Ford%27s_orange_and_pink_striped_gown.jpg,uploaded,,,,
CC00169,flounced,,,,,,https://dressdiscover.org/img/worksheet/full_size/429px-Flounce.jpg,https://dressdiscover.org/img/worksheet/thumbnail/429px-Flounce.jpg,full_size/429px-Flounce.jpg,thumbnail/429px-Flounce.jpg,David Ring,Public domain,Wikipedia,https://commons.wikimedia.org/wiki/File:Flounce.jpg,uploaded,,,,
CC00003,frogs,"Two-part fasteners for a coat, jacket, or other garment usually made of a looped braid or cord in an ornamental design on one edge of the garment that attaches around a knot, toggle, or similar device on the other side. (AAT)",The J. Paul Getty Trust,Open Data Commons Attribution License,Art and Architecture Thesaurus (AAT),http://www.getty.edu/research/tools/vocabularies/aat/,https://dressdiscover.org/img/worksheet/full_size/Frog closure.jpg,https://dressdiscover.org/img/worksheet/thumbnail/Frog closure.jpg,full_size/Frog closure.jpg,thumbnail/Frog closure.jpg,David Ring,Public domain,Wikipedia / Europeana Fashion Thesaurus,https://commons.wikimedia.org/wiki/File:Frog_(fastening).jpg,edited,43470,https://upload.wikimedia.org/wikipedia/commons/6/6d/Frog_%28fastening%29.jpg,300247475,
CC00056,fuchsia,Variable color name referring to bright pinkish colors similar to those of blooms of the fuchsia plant.,The J. Paul Getty Trust,Open Data Commons Attribution License,Art and Architecture Thesaurus (AAT),http://www.getty.edu/research/tools/vocabularies/aat/,,,,,,,,,incomplete,,,300311477,
CC00035,funnel neck,,,,,,,,,,,,,,incomplete,,,,
CC00170,gathering,"Bunching folds of textile together by pulling on a thread stitched through it for this purpose or on one or more of its constituent filaments, to create fullness.",The J. Paul Getty Trust,Open Data Commons Attribution License,Art and Architecture Thesaurus (AAT),http://www.getty.edu/vow/AATFullDisplay?find=gather&logic=AND&note=&english=N&prev_page=1&subjectid=300231237,https://dressdiscover.org/img/worksheet/full_size/677px-Faldilla-frunzida.jpg,https://dressdiscover.org/img/worksheet/thumbnail/677px-Faldilla-frunzida.jpg,full_size/677px-Faldilla-frunzida.jpg,thumbnail/677px-Faldilla-frunzida.jpg,Joan Rocaguinard,Creative Commons Attribution-Share Alike,Wikipedia,https://commons.wikimedia.org/wiki/File:Faldilla-frunzida.jpg,uploaded,,,300231237,
CC00214,georgette,"A semi-transparent artificial fiber or natural silk fabric woven in plain weave with undeterred chain and weft threads, alternately two right and two left twisted.",The J. Paul Getty Trust,Open Data Commons Attribution License,Art and Architecture Thesaurus (AAT),http://www.getty.edu/research/tools/vocabularies/aat/,https://dressdiscover.org/img/worksheet/full_size/KLNNING_Syrenlila_sidenklnning_med_cape_och_underklnning__Tillhrt_Ebba_von_Eckermann__f___Hallwylska_museet___89129.tif,https://dressdiscover.org/img/worksheet/thumbnail/KLNNING_Syrenlila_sidenklnning_med_cape_och_underklnning__Tillhrt_Ebba_von_Eckermann__f___Hallwylska_museet___89129.jpg,full_size/KLNNING_Syrenlila_sidenklnning_med_cape_och_underklnning__Tillhrt_Ebba_von_Eckermann__f___Hallwylska_museet___89129.tif,thumbnail/KLNNING_Syrenlila_sidenklnning_med_cape_och_underklnning__Tillhrt_Ebba_von_Eckermann__f___Hallwylska_museet___89129.jpg,Hallwyl Museum / Jens Mohr,Creative Commons Attribution-ShareAlike 3.0 Unported,Wikipedia,"https://commons.wikimedia.org/wiki/File:KL%C3%84NNING_Syrenlila_sidenkl%C3%A4nning_med_cape_och_underkl%C3%A4nning._Tillh%C3%B6rt_Ebba_von_Eckermann,_f_-_Hallwylska_museet_-_89129.tif",new,43472,https://upload.wikimedia.org/wikipedia/commons/thumb/1/16/KL%C3%84NNING_Syrenlila_sidenkl%C3%A4nning_med_cape_och_underkl%C3%A4nning._Tillh%C3%B6rt_Ebba_von_Eckermann%2C_f_-_Hallwylska_museet_-_89129.tif/lossy-page1-400px-KL%C3%84NNING_Syrenlila_sidenkl%C3%A4nning_med_cape_och_underkl%C3%A4nning._Tillh%C3%B6rt_Ebba_von_Eckermann%2C_f_-_Hallwylska_museet_-_89129.tif.jpg,300417883,
CC00215,glass,"An amorphous, inorganic substance made by fusing silica (silicon dioxide) with a basic oxide; generally transparent but often translucent or opaque. Its characteristic properties are its hardness and rigidity at ordinary temperatures, its capacity for plastic working at elevated temperatures, and its resistance to weathering and to most chemicals except hydrofluoric acid. Used for both utilitarian and decorative purposes, it can be formed into various shapes, colored or decorated. Glass originated as a glaze in Mesopotamia in about 3500 BCE and the first objects made wholly of glass date to about 2500 BCE.",The J. Paul Getty Trust,Open Data Commons Attribution License,Art and Architecture Thesaurus (AAT),http://www.getty.edu/research/tools/vocabularies/aat/,,,,,,,,,incomplete,,,300010797,
CC00083,glazing,"Overlaying or covering with a smooth and lustrous coating, or polishing and burnishing to create a smooth, shiney surface. To refer specifically to glazing paintings, use the narrower concept ""glazing (painting technique)."" To refer specifically to glazing ceramics, use the narrower concept ""pottery glazing (process).""",The J. Paul Getty Trust,Open Data Commons Attribution License,Art and Architecture Thesaurus (AAT),http://www.getty.edu/research/tools/vocabularies/aat/,,,,,,,,,incomplete,,,300053914,
CC00057,gold,"A range of yellowish colors, typically with undertones of red or brown, resembling the color of the lustrous metal, gold. (AAT)",The J. Paul Getty Trust,Open Data Commons Attribution License,Art and Architecture Thesaurus (AAT),http://www.getty.edu/research/tools/vocabularies/aat/,https://dressdiscover.org/img/worksheet/full_size/Color_icon_gold.jpg,https://dressdiscover.org/img/worksheet/thumbnail/Color_icon_gold.jpg,full_size/Color_icon_gold.jpg,thumbnail/Color_icon_gold.jpg,Wikimedia user Booyabazooka,Public domain,Wikipedia,https://commons.wikimedia.org/wiki/File:Color_icon_gold.png,new,43470,https://upload.wikimedia.org/wikipedia/commons/2/23/Color_icon_gold.png,300311191,
CC00171,gored,"Roughly triangular or wedge-shaped segments of objects, as found in domes, globes, umbrellas, or skirts.",The J. Paul Getty Trust,Open Data Commons Attribution License,Art and Architecture Thesaurus (AAT),http://www.getty.edu/vow/AATFullDisplay?find=gore&logic=AND&note=&english=N&prev_page=1&subjectid=300001316,https://dressdiscover.org/img/worksheet/full_size/Four-gored-skirt.png,https://dressdiscover.org/img/worksheet/thumbnail/Four-gored-skirt.jpg,full_size/Four-gored-skirt.png,thumbnail/Four-gored-skirt.jpg,Wikimedia User: Sophus Bie,Creative Commons Attribution-Share Alike,Wikipedia,https://commons.wikimedia.org/wiki/File:Four-gored-skirt.png,uploaded,,,,
CC00058,gray,"Hue name for any color intermediate between black and white, or composed of a mixture of black and white with little or no positive hue. (AAT)",The J. Paul Getty Trust,Open Data Commons Attribution License,Art and Architecture Thesaurus (AAT),http://www.getty.edu/research/tools/vocabularies/aat/,https://dressdiscover.org/img/worksheet/full_size/Color_icon_gray.jpg,https://dressdiscover.org/img/worksheet/thumbnail/Color_icon_gray.jpg,full_size/Color_icon_gray.jpg,thumbnail/Color_icon_gray.jpg,Wikimedia user Booyabazooka,Public domain,Wikipedia,https://commons.wikimedia.org/wiki/File:Color_icon_gray.png,new,43470,https://upload.wikimedia.org/wikipedia/commons/5/56/Color_icon_gray.png,,
CC00059,green,"Hue name for the color representing that portion of the spectrum that is intermediate between blue and yellow, with wavelengths between 520 and 570 nanometers. The term may refer to any of this group of colors that vary in lightness and saturation. An example of green color in nature is that of growing grass. It is a secondary pigment color (made by combining yellow and blue) and one of the three additive primary colors.",The J. Paul Getty Trust,Open Data Commons Attribution License,Art and Architecture Thesaurus (AAT),http://www.getty.edu/research/tools/vocabularies/aat/,https://dressdiscover.org/img/worksheet/full_size/Color_icon_green.jpg,https://dressdiscover.org/img/worksheet/thumbnail/Color_icon_green.jpg,full_size/Color_icon_green.jpg,thumbnail/Color_icon_green.jpg,Wikimedia user Valtlai,Public domain,Wikipedia,https://commons.wikimedia.org/wiki/File:Color_icon_green.svg,new,43470,https://upload.wikimedia.org/wikipedia/commons/7/7d/Color_icon_green.svg,300128438,300311191
CC00016,halter,"Garments having a strap encircling the neck and supporting the front of the bodice, leaving shoulders and most of the back bare.",The J. Paul Getty Trust,Open Data Commons Attribution License,Art and Architecture Thesaurus (AAT),http://www.getty.edu/vow/AATFullDisplay?find=halter&logic=AND&note=&english=N&prev_page=1&subjectid=300209885,https://dressdiscover.org/img/worksheet/full_size/Haltertop.jpg,https://dressdiscover.org/img/worksheet/thumbnail/Haltertop.jpg,full_size/Haltertop.jpg,thumbnail/Haltertop.jpg,Wikimedia user At~A~Glance,Creative Commons Attribution,Wikipedia,https://commons.wikimedia.org/wiki/File:Haltertop.jpg,uploaded,,,300209885,
CC00084,hand sewing,"Sewing by hand, as distinct from sewing by machine.",The J. Paul Getty Trust,Open Data Commons Attribution License,Art and Architecture Thesaurus (AAT),http://www.getty.edu/research/tools/vocabularies/aat/,,,,,,,,,incomplete,,,300257459,300130811
CC00085,hand weaving,Weaving on a loom or other device operated wholly or partly by hand or foot power.,The J. Paul Getty Trust,Open Data Commons Attribution License,Art and Architecture Thesaurus (AAT),http://www.getty.edu/research/tools/vocabularies/aat/,,,,,,,,,incomplete,,,300053643,300128438
CC00255,handkerchief hem,,,,,,,,,,,,,,incomplete,,,,
CC00150,hanging sleeve,"Long loose sleeves with a slit through which the arm can emerge. Also, long false decorative sleeves attached to the back of the armhole. Worn by men, women, or children especially from the 15th through the 18th century.",The J. Paul Getty Trust,Open Data Commons Attribution License,Art and Architecture Thesaurus (AAT),http://www.getty.edu/research/tools/vocabularies/aat/,,,,,,,,,incomplete,,,300253738,
CC00216,hemp,"Fiber derived from the stalk of the species Cannabis sativa. Fibers range from 1-2 m in length and are yellow to brown in color. They have a high cellulose content with little lignin. Hemp is lustrous, strong, and durable with good resistance to water, salts, light, and insects; used for cordage, fish lines, sailcloth, canvas, burlap, packing, and as a fiber for paper or for plastic filler.",The J. Paul Getty Trust,Open Data Commons Attribution License,Art and Architecture Thesaurus (AAT),http://www.getty.edu/research/tools/vocabularies/aat/,https://dressdiscover.org/img/worksheet/full_size/Hanfstengel.jpg,https://dressdiscover.org/img/worksheet/thumbnail/Hanfstengel.jpg,full_size/Hanfstengel.jpg,thumbnail/Hanfstengel.jpg,Wikipedia User Natrij,Public domain,Wikipedia,https://commons.wikimedia.org/wiki/File:Hanfstengel.jpg,new,43472,https://upload.wikimedia.org/wikipedia/commons/2/2d/Hanfstengel.jpg,300014043,
CC00017,henley,,,,,,https://dressdiscover.org/img/worksheet/full_size/Shirt-types.jpg,https://dressdiscover.org/img/worksheet/thumbnail/Shirt-types.jpg,full_size/Shirt-types.jpg,thumbnail/Shirt-types.jpg,Wikimedia Users: Elkagye and Themightyquill,Creative Commons Attribution-Share Alike,Wikipedia,https://commons.wikimedia.org/wiki/File:Shirt-types.svg,uploaded,,https://upload.wikimedia.org/wikipedia/commons/thumb/7/73/Shirt-types.svg/2000px-Shirt-types.svg.png,,
CC00158,high,,,,,,,,,,,,,,incomplete,,,,
CC00188,hip length,,,,,,,,,,,,,,incomplete,,,,
CC00159,hip-level,,,,,,,,,,,,,,incomplete,,,,
CC00004,hooks and eyes,"Two-part fastening devices, as on a garment or a door, consisting of a hook that catches over a bar or into a loop.",The J. Paul Getty Trust,Open Data Commons Attribution License,Art and Architecture Thesaurus (AAT),http://www.getty.edu/research/tools/vocabularies/aat/,https://dressdiscover.org/img/worksheet/full_size/Hook-and-eye.jpg,https://dressdiscover.org/img/worksheet/thumbnail/Hook-and-eye.jpg,full_size/Hook-and-eye.jpg,thumbnail/Hook-and-eye.jpg,Wikipedia user Eitan F,Creative Commons Attribution-Share Alike,Wikipedia,https://en.wikipedia.org/wiki/Hook-and-eye,uploaded,,https://upload.wikimedia.org/wikipedia/commons/f/f7/Hook_and_eye_clasp.JPG,300051508,
CC00111,hourglass (silhouette),,,,,,,,,,,,,,incomplete,,,,
CC00018,inset,,,,,,,,,,,,,,incomplete,,,,
CC00036,jabot,"Detachable, made-up cascades of soft fabric, often lace, worn at the center front of the neckline over other garments. (AAT)",The J. Paul Getty Trust,Open Data Commons Attribution License,Art and Architecture Thesaurus (AAT),http://www.getty.edu/vow/AATFullDisplay?find=jabot&logic=AND&note=&english=N&prev_page=1&subjectid=300210062,https://dressdiscover.org/img/worksheet/full_size/429px-Jabot.jpg,https://dressdiscover.org/img/worksheet/thumbnail/429px-Jabot.jpg,full_size/429px-Jabot.jpg,thumbnail/429px-Jabot.jpg,David Ring,Public domain,Wikipedia,https://commons.wikimedia.org/wiki/File:Jabot.jpg,uploaded,,,300210062,
CC00217,jacquard,Any woven figured textile produced on a Jacquard loom.,The J. Paul Getty Trust,Open Data Commons Attribution License,Art and Architecture Thesaurus (AAT),http://www.getty.edu/research/tools/vocabularies/aat/,,,,,,,,,incomplete,,,300256616,
CC00019,jewel,,,,,,,,,,,,,,incomplete,,,,
CC00132,Juliet,,,,,,,,,,,,,,incomplete,,,,
CC00112,jumper,"Sleeveless dresses or skirts with straps and a partial or full bodice, usually worn over a shirt or blouse by women and children.",The J. Paul Getty Trust,Open Data Commons Attribution License,Art and Architecture Thesaurus (AAT),http://www.getty.edu/research/tools/vocabularies/aat/,,,,,,,,,incomplete,,,300046164,
CC00020,keyhole,,,,,,,,,,,,,,incomplete,,,,
CC00256,kimono sleeve,"A sleeve cut in one with the bodice in a wide sloping shape, similar to that on traditional Chinese robes (not Japanese kimono whose sleeves are sewn separately).",Wikipedia contributors,Creative Commons Attribution-ShareAlike,Wikipedia,https://en.wikipedia.org/w/index.php?title=Sleeve&oldid=826178611,https://dressdiscover.org/img/worksheet/full_size/429px-Kimono_sleeve.jpg,https://dressdiscover.org/img/worksheet/thumbnail/429px-Kimono_sleeve.jpg,full_size/429px-Kimono_sleeve.jpg,thumbnail/429px-Kimono_sleeve.jpg,Wikimedia user Henna,Public domain,Wikipedia,https://commons.wikimedia.org/wiki/File:Kimono_sleeve.jpg,uploaded,,,,
CC00189,knee length,,,,,,,,,,,,,,incomplete,,,,
CC00218,knit,,,,,,,,,,,,,,incomplete,,,,
CC00086,knitting,"The forming and interlacing of loops by means of needles according to a prescribed manner or pattern, either by machine or by hand; most often used for textiles or costume.",The J. Paul Getty Trust,Open Data Commons Attribution License,Art and Architecture Thesaurus (AAT),http://www.getty.edu/research/tools/vocabularies/aat/,https://dressdiscover.org/img/worksheet/full_size/Blue_socks__knitting_in_progress.jpg,https://dressdiscover.org/img/worksheet/thumbnail/Blue_socks__knitting_in_progress.jpg,full_size/Blue_socks__knitting_in_progress.jpg,thumbnail/Blue_socks__knitting_in_progress.jpg,Wikipedia User Lisa Risager from Denmark,Creative Commons Attribution-Share Alike 2.0 Generic,Wikipedia,"https://commons.wikimedia.org/wiki/File:Blue_socks,_knitting_in_progress.jpg",new,43472,https://upload.wikimedia.org/wikipedia/commons/7/7f/Blue_socks%2C_knitting_in_progress.jpg,300053634,
CC00219,lace,"Refers to a fine, openwork ornamental textile work formed by looping, interlacing, twisting, plaiting, or braiding threads of linen, cotton, silk, hair, metal, or another fiber to form designs or patterns. Lace may be made with a needle or with bobbins. Embroidery may be added. Modern lace may be made by machine. Openwork fabrics made on a loom and ornamental openwork knitting are generally not classified as lace. Lace is often white or monochromatic. True lace developed in the fourteenth century in Europe and the Middle East, although ornamented openwork fabrics were known in ancient cultures, including the Egyptian culture. Lace may be used as a border, edging, or insert on linens or apparel; it is also formed into large pieces of cloth used for hangings, draperies, apparel, or other items. (AAT)",The J. Paul Getty Trust,Open Data Commons Attribution License,Art and Architecture Thesaurus (AAT),http://www.getty.edu/vow/AATFullDisplay?find=lace&logic=AND&note=&english=N&prev_page=2&subjectid=300132861,https://dressdiscover.org/img/worksheet/full_size/lossy-page1-428px-Lace_fragment.tif.jpg,https://dressdiscover.org/img/worksheet/thumbnail/lossy-page1-428px-Lace_fragment.tif.jpg,full_size/lossy-page1-428px-Lace_fragment.tif.jpg,thumbnail/lossy-page1-428px-Lace_fragment.tif.jpg,David Ring,Public domain,Wikipedia,https://commons.wikimedia.org/wiki/File:Lace_fragment.tif,uploaded,,,300132861,
CC00087,lace making,,,,,,,,,,,,,,incomplete,,,,
CC00005,lacing,"Cord, tape, or ribbon used for fastening by interlacing through holes in two garments or two sides of an opening. (EFT)",Europeana Fashion Thesaurus,Public domain,Wikidata,https://www.wikidata.org/wiki/Wikidata:Data_access/en,https://dressdiscover.org/img/worksheet/full_size/Lacing.jpg,https://dressdiscover.org/img/worksheet/thumbnail/Lacing.jpg,full_size/Lacing.jpg,thumbnail/Lacing.jpg,David Ring,Public domain,Wikipedia / Europeana Fashion Thesaurus,https://commons.wikimedia.org/wiki/File:Lace_(fastening).jpg,edited,43472,https://upload.wikimedia.org/wikipedia/commons/7/77/Lace_%28fastening%29.jpg,,
CC00134,lantern sleeve,,,,,,,,,,,,,,incomplete,,,,
CC00060,lavender,"A range of purplish or bluish colors resembling the color of flower of the lavender plant, which is a Mediterranean mint widely cultivated for its narrow aromatic leaves and spikes of flowers that are dried and used in sachets.",The J. Paul Getty Trust,Open Data Commons Attribution License,Art and Architecture Thesaurus (AAT),http://www.getty.edu/research/tools/vocabularies/aat/,,,,,,,,,incomplete,,,300311131,
CC00173,layering,Forming or arranging in layers.,The J. Paul Getty Trust,Open Data Commons Attribution License,Art and Architecture Thesaurus (AAT),http://www.getty.edu/research/tools/vocabularies/aat/,,,,,,,,,incomplete,,,300123034,
CC00220,leather,"The skin or hide of an animal that has been tanned to render it resistant to putrefication and relatively soft and flexible when dry. For composite material made from scrap leather pieces, use maril. (AAT)",The J. Paul Getty Trust,Open Data Commons Attribution License,Art and Architecture Thesaurus (AAT),http://www.getty.edu/vow/AATFullDisplay?find=leather&logic=AND&note=&english=N&prev_page=1&subjectid=300011845,,,,,,,,,incomplete,,,300011845,10064
CC00135,leg-of-mutton sleeve,A sleeve that is extremely wide over the upper arm and narrow from the elbow to the wrist.,Wikipedia contributors,Creative Commons Attribution-ShareAlike,Wikipedia,https://en.wikipedia.org/w/index.php?title=Sleeve&oldid=826178611,https://dressdiscover.org/img/worksheet/full_size/Leg-of-mutton_sleeve.jpg,https://dressdiscover.org/img/worksheet/thumbnail/Leg-of-mutton_sleeve.jpg,full_size/Leg-of-mutton_sleeve.jpg,thumbnail/Leg-of-mutton_sleeve.jpg,Wikimedia user Henna,Public domain,Wikipedia,https://commons.wikimedia.org/wiki/File:Leg-of-mutton_sleeve.jpg,uploaded,,,,
CC00221,linen,General name for textile woven from the spun fiber of the flax plant.,The J. Paul Getty Trust,Open Data Commons Attribution License,Art and Architecture Thesaurus (AAT),http://www.getty.edu/research/tools/vocabularies/aat/,https://dressdiscover.org/img/worksheet/full_size/Textielmuseum_cabinet_02.jpg,https://dressdiscover.org/img/worksheet/thumbnail/Textielmuseum_cabinet_02.jpg,full_size/Textielmuseum_cabinet_02.jpg,thumbnail/Textielmuseum_cabinet_02.jpg,TextileMuseum,Creative Commons Attribution-Share Alike 4.0 International,Wikipedia,https://commons.wikimedia.org/wiki/File:Textielmuseum-cabinet-02.jpg,new,43472,https://upload.wikimedia.org/wikipedia/commons/7/71/Textielmuseum-cabinet-02.jpg,300014069,
CC00148,long sleeve,,,,,,,,,,,,,,incomplete,,,,
CC00222,looped pile,,,,,,,,,,,,,,incomplete,,,,
CC00088,machine sewing,"Sewing by machine, as distinct from sewing by hand.",The J. Paul Getty Trust,Open Data Commons Attribution License,Art and Architecture Thesaurus (AAT),http://www.getty.edu/research/tools/vocabularies/aat/,,,,,,,,,incomplete,,,300257463,
CC00037,Mandarin collar,,,,,,https://dressdiscover.org/img/worksheet/full_size/348px-File-Abhisit_Vejjajiva_2_October_2009_cropped.jpg,https://dressdiscover.org/img/worksheet/thumbnail/348px-File-Abhisit_Vejjajiva_2_October_2009_cropped.jpg,full_size/348px-File-Abhisit_Vejjajiva_2_October_2009_cropped.jpg,thumbnail/348px-File-Abhisit_Vejjajiva_2_October_2009_cropped.jpg,Abhisit Vejjajiva (on Flickr),Creative Commons Attribution,Flickr,https://commons.wikimedia.org/wiki/File:File-Abhisit_Vejjajiva_2_October_2009_cropped.jpg,uploaded,,,,
CC00113,mantua,"Type of ladies' garment that first developed in the 1670s in Europe; they were relatively loose, gown- or coat-like garments worn belted at the waist with a long train draped at the hips to reveal the front of the matching petticoat below. This style replaced the earlier stiff, constricting boned bodice-and-skirt style previously worn by women. As the style evolved, the pleats at the front were reduced in number and the bodice was opened, with the torso now covered by a stiffened piece of fabric known as a stomacher. Originally an informal style, the mantua gradually developed as formal dress and the skirt grew to extraordinary proportions. The mantua was thought to display silk designs to their best advantage, as they were draped rather than cut; as such, it is believed the garment was named after Mantua, Italy, where expensive silks were produced. However, it has also been suggested that the name derives from manteau, the French term for a coat.",The J. Paul Getty Trust,Open Data Commons Attribution License,Art and Architecture Thesaurus (AAT),http://www.getty.edu/research/tools/vocabularies/aat/,https://dressdiscover.org/img/worksheet/full_size/Mantua_MET_DT6543.jpg,https://dressdiscover.org/img/worksheet/thumbnail/Mantua_MET_DT6543.jpg,full_size/Mantua_MET_DT6543.jpg,thumbnail/Mantua_MET_DT6543.jpg,Metropolitan Museum of Art,Public domain,Wikipedia,https://commons.wikimedia.org/wiki/File:Mantua_MET_DT6543.jpg,new,43472,https://upload.wikimedia.org/wikipedia/commons/6/64/Mantua_MET_DT6543.jpg,300209837,
CC00061,maroon,"A range of dark reddish or purplish brown colors resembling the color of dyes or colorants made from chestnut bark, derived from trees or shrubs of the genus Castanea of the beech family; from the Italian word for chestnut, ""marrone.""",The J. Paul Getty Trust,Open Data Commons Attribution License,Art and Architecture Thesaurus (AAT),http://www.getty.edu/vow/AATFullDisplay?find=maroon&logic=AND&note=&english=N&prev_page=1&subjectid=300311173,,,,,,,,,incomplete,,,300311173,
CC00223,matelasse,"A double-woven textile with a quilted appearance, utilizing a wadding weft to increase the relief.",The J. Paul Getty Trust,Open Data Commons Attribution License,Art and Architecture Thesaurus (AAT),http://www.getty.edu/research/tools/vocabularies/aat/,,,,,,,,,incomplete,,,300227854,
CC00089,mercerizing,"Treatment of cotton yarn or fabric by immersion in a caustic solution of sodium hydroxide or other chemical base. Fibers so treated swell permanently, and the cotton is made stronger and more lustrous. Named after Alexander Mercer (1791-1866), who perfected the process. ",The J. Paul Getty Trust,Open Data Commons Attribution License,Art and Architecture Thesaurus (AAT),http://www.getty.edu/research/tools/vocabularies/aat/,,,,,,,,,incomplete,,,300379924,
CC00224,metal,"Any of a large group of substances that typically show a characteristic luster, are good conductors of electricity and heat, are opaque, can be fused, and are usually malleable or ductile. (AAT)",The J. Paul Getty Trust,Open Data Commons Attribution License,Art and Architecture Thesaurus (AAT),http://www.getty.edu/vow/AATFullDisplay?find=metal&logic=AND&note=&english=N&prev_page=2&subjectid=300010900,,,,,,,,,incomplete,,,300010900,300311173
CC00006,metal eyelets,,,,,,,,,,,,,,incomplete,,,,
CC00225,microfiber,,,,,,,,,,,,,,incomplete,,,,
CC00191,mid calf length,,,,,,https://dressdiscover.org/img/worksheet/full_size/460px-StateLibQld_1_198347_Models_wearing_billowy_dresses_on_the_beach_at_Surfers_Paradise%2C_1951.jpg,https://dressdiscover.org/img/worksheet/thumbnail/460px-StateLibQld_1_198347_Models_wearing_billowy_dresses_on_the_beach_at_Surfers_Paradise%2C_1951.jpg,full_size/460px-StateLibQld_1_198347_Models_wearing_billowy_dresses_on_the_beach_at_Surfers_Paradise%2C_1951.jpg,thumbnail/460px-StateLibQld_1_198347_Models_wearing_billowy_dresses_on_the_beach_at_Surfers_Paradise%2C_1951.jpg,"Poulsen, Harry (Cameracraft)",Public domain,Wikipedia,"https://commons.wikimedia.org/wiki/File:StateLibQld_1_198347_Models_wearing_billowy_dresses_on_the_beach_at_Surfers_Paradise,_1951.jpg",uploaded,,,,
CC00192,mid-thigh length,,,,,,,,,,,,,,incomplete,,,,
CC00226,mohair,"Long, lustrous hair of the Angora goat, valued for its strength and excellent spinning qualities.",The J. Paul Getty Trust,Open Data Commons Attribution License,Art and Architecture Thesaurus (AAT),http://www.getty.edu/research/tools/vocabularies/aat/,https://dressdiscover.org/img/worksheet/full_size/Ull_mohair.jpg,https://dressdiscover.org/img/worksheet/thumbnail/Ull_mohair.jpg,full_size/Ull_mohair.jpg,thumbnail/Ull_mohair.jpg,"Wikipedia User AnnaKika from Gothenburg, Sweden",Creative Commons Attribution 2.0 Generic,Wikipedia,https://commons.wikimedia.org/wiki/File:Ull_mohair.jpg,new,43472,https://upload.wikimedia.org/wikipedia/commons/a/a0/Ull_mohair.jpg,300192989,
CC00227,moire,"Patterns having a watered or rippled look. Where this produces an illusion of movement, use moiré effect. (AAT)",The J. Paul Getty Trust,Open Data Commons Attribution License,Art and Architecture Thesaurus (AAT),http://www.getty.edu/vow/AATFullDisplay?find=moire&logic=AND&note=&english=N&prev_page=1&subjectid=300010241,https://dressdiscover.org/img/worksheet/full_size/Woven_Fabric_(ST204)_-_MoMu_Antwerp_(detail).jpg,https://dressdiscover.org/img/worksheet/thumbnail/Woven_Fabric_(ST204)_-_MoMu_Antwerp_(detail).jpg,full_size/Woven_Fabric_(ST204)_-_MoMu_Antwerp_(detail).jpg,thumbnail/Woven_Fabric_(ST204)_-_MoMu_Antwerp_(detail).jpg,ModeMuseum,Creative Commons Attribution-Share Alike 4.0 Internationa,Wikipedia,https://commons.wikimedia.org/wiki/File:Woven_Fabric_(ST204)_-_MoMu_Antwerp_(detail).jpg,new,43472,https://upload.wikimedia.org/wikipedia/commons/6/6f/Woven_Fabric_%28ST204%29_-_MoMu_Antwerp_%28detail%29.jpg,300400593,
CC00062,multicolor,,,,,,,,,,,,,,incomplete,,,,
CC00038,Napoleon,,,,,,,,,,,,,,incomplete,,,,
CC00160,natural fiber,,,,,,,,,,,,,,incomplete,,,,
CC00228,natural waistline,,,,,,,,,,,,,,incomplete,,,,
CC00063,navy blue,"Range of deep grayish blues, originally named for the color of the British naval uniform.",The J. Paul Getty Trust,Open Data Commons Attribution License,Art and Architecture Thesaurus (AAT),http://www.getty.edu/research/tools/vocabularies/aat/,,,,,,,,,incomplete,,,300311067,
CC00090,needle work,,,,,,,,,,,,,,incomplete,,,,
CC00091,needlepoint,Refers to works created with a needle and thread on fabric or a mesh of canvas. The works are characterized by designs that are executed by using the grid of the fabric to count out the desired position of various stitches or colors in the design.,The J. Paul Getty Trust,Open Data Commons Attribution License,Art and Architecture Thesaurus (AAT),http://www.getty.edu/research/tools/vocabularies/aat/,,,,,,,,,incomplete,,,300264031,
CC00229,net,"Refers to an open weave textile made of thread, twine, yarn, or cord, usually of silk, cotton, nylon, or rayon, with fine to coarse meshes of fixed dimension. It is characterized by being a simple mesh joined by knots; it may be made by hand or by machine. It may be used to make various items from veils and trimming on clothing to tennis nets and fishing nets. Fine net that is used in lace, headwear, and other apparel is often referred to as netting rather than as net. For the objects consisting of meshed arrangements of threads, cords, or ropes that have been twisted, knotted, or woven together at regular intervals, use nets (objects). (AAT)",The J. Paul Getty Trust,Open Data Commons Attribution License,Art and Architecture Thesaurus (AAT),http://www.getty.edu/vow/AATFullDisplay?find=net&logic=AND&note=&english=N&prev_page=1&subjectid=300249438,,,,,,,,,incomplete,,,300249438,
CC00161,no waistline,,,,,,,,,,,,,,incomplete,,,,
CC00230,nylon,Any of a variety of thermoplastic polymers originally developed as textile fibers and used in fabrics. They have a straight-chain polyamide structure and are largely heat-resistant.,The J. Paul Getty Trust,Open Data Commons Attribution License,Art and Architecture Thesaurus (AAT),http://www.getty.edu/vow/AATFullDisplay?find=nylon&logic=AND&note=&english=N&prev_page=1&subjectid=300014462,,,,,,,,,incomplete,,,300014462,
CC00021,off the shoulder,,,,,,,,,,,,,,incomplete,,,,
CC00064,orange,"Hue name for the color representing that portion of the spectrum that is intermediate between red and yellow, with wavelengths between 585 and 620 nanometers. The term may refer to any of this group of colors that vary in lightness and saturation. An example of orange color in nature is that of the citrus fruit orange, for which the color is named in modern English. It is a secondary pigment color (made by combining yellow and red). (AAT)",The J. Paul Getty Trust,Open Data Commons Attribution License,Art and Architecture Thesaurus (AAT),http://www.getty.edu/research/tools/vocabularies/aat/,https://dressdiscover.org/img/worksheet/full_size/Color_icon_orange.jpg,https://dressdiscover.org/img/worksheet/thumbnail/Color_icon_orange.jpg,full_size/Color_icon_orange.jpg,thumbnail/Color_icon_orange.jpg,Wikimedia user Booyabazooka,Public domain,Wikipedia,https://commons.wikimedia.org/wiki/File:Color_icon_orange.png,new,43470,https://upload.wikimedia.org/wikipedia/commons/2/25/Color_icon_orange.png,300126734,
CC00092,painting,"The art and practice of applying pigments suspended in water, oil, egg yolk, molten wax, or other liquid to a surface to create an expressive or communicative image. Paint is usually, but not always, applied with a brush. For the application of paint primarily to protect a surface or add a general color, use ""painting (coating).""",The J. Paul Getty Trust,Open Data Commons Attribution License,Art and Architecture Thesaurus (AAT),http://www.getty.edu/research/tools/vocabularies/aat/,,,,,,,,,incomplete,,,300054216,
CC00039,peaked lapel,,,,,,,,,,,,,,incomplete,,,,
CC00174,peg-top,,,,,,,,,,,,,,incomplete,,,,
CC00175,pegged,,,,,,,,,,,,,,incomplete,,,,
CC00180,pencil skirt,a tailored skirt hanging straight from the hips and fitted from the waist to the hips by means of darts or a yoke; may have a vent or kick-pleat set in the hem for ease of walking,Wikipedia contributors,Creative Commons Attribution-ShareAlike,Wikipedia,https://en.wikipedia.org/w/index.php?title=Skirt&oldid=826503853,https://dressdiscover.org/img/worksheet/full_size/328px-Bakst_fantasy_on_modern_costume_Atalanta_1912.jpg,https://dressdiscover.org/img/worksheet/thumbnail/328px-Bakst_fantasy_on_modern_costume_Atalanta_1912.jpg,full_size/328px-Bakst_fantasy_on_modern_costume_Atalanta_1912.jpg,thumbnail/328px-Bakst_fantasy_on_modern_costume_Atalanta_1912.jpg,Léon Bakst,Public domain,Wikipedia,https://commons.wikimedia.org/wiki/File:Bakst_fantasy_on_modern_costume_Atalanta_1912.jpg,uploaded,,,300411738,
CC00176,peplum,"Short, skirtlike sections of a costume attached at the waistline, such as on a bodice or jacket, and usually extending to cover the hips.",The J. Paul Getty Trust,Open Data Commons Attribution License,Art and Architecture Thesaurus (AAT),http://www.getty.edu/vow/AATFullDisplay?find=peplum&logic=AND&note=&english=N&prev_page=1&subjectid=300248709,https://dressdiscover.org/img/worksheet/full_size/429px-Peplum.jpg,https://dressdiscover.org/img/worksheet/thumbnail/429px-Peplum.jpg,full_size/429px-Peplum.jpg,thumbnail/429px-Peplum.jpg,David Ring,Public domain,Wikipedia,https://commons.wikimedia.org/wiki/File:Peplum.jpg,uploaded,,,300248709,
CC00136,petal,,,,,,,,,,,,,,incomplete,,,,
CC00040,Peter Pan collar,,,,,,https://dressdiscover.org/img/worksheet/full_size/429px-Peter_Pan_collar.jpg,https://dressdiscover.org/img/worksheet/thumbnail/429px-Peter_Pan_collar.jpg,full_size/429px-Peter_Pan_collar.jpg,thumbnail/429px-Peter_Pan_collar.jpg,David Ring,Public domain,Wikipedia,https://commons.wikimedia.org/wiki/File:Peter_Pan_collar.jpg,uploaded,,,,
CC00093,piecing,Joining small pieces of cloth together with a seam to form an overall pattern.,The J. Paul Getty Trust,Open Data Commons Attribution License,Art and Architecture Thesaurus (AAT),http://www.getty.edu/research/tools/vocabularies/aat/,,,,,,,,,incomplete,,,300231250,
CC00114,pinafore,,,,,,https://dressdiscover.org/img/worksheet/full_size/Child_and_Doll.jpg,https://dressdiscover.org/img/worksheet/thumbnail/Child_and_Doll.jpg,full_size/Child_and_Doll.jpg,thumbnail/Child_and_Doll.jpg,"Lillybridge, Charles S., 1849-1935",Public domain,Wikipedia,https://commons.wikimedia.org/wiki/File:Child_and_Doll.jpg,new,43472,https://upload.wikimedia.org/wikipedia/commons/c/cd/Child_and_Doll.jpg,,
CC00065,pink,"Hue name for the range of colors intermediate between red and white, often a pale red, sometimes with a slight purple or yellow tinge. (AAT)",The J. Paul Getty Trust,Open Data Commons Attribution License,Art and Architecture Thesaurus (AAT),http://www.getty.edu/research/tools/vocabularies/aat/,https://dressdiscover.org/img/worksheet/full_size/Shades_of_pink.png,https://dressdiscover.org/img/worksheet/thumbnail/Shades_of_pink.jpg,full_size/Shades_of_pink.png,thumbnail/Shades_of_pink.jpg,Wikimedia user Gabriela Ruellan,Public domain,Wikipedia,https://commons.wikimedia.org/wiki/File:Shades_of_pink.png,new,43470,https://upload.wikimedia.org/wikipedia/commons/2/20/Shades_of_pink.png,300124707,
CC00094,piping,"Tubular strip of textile, usually bias-cut, which may or may not enclose a cord, used for trimming the edges and seams of costume, coverings, and hangings. May be of matching or contrasting fabric, sometimes also in leather.",The J. Paul Getty Trust,Open Data Commons Attribution License,Art and Architecture Thesaurus (AAT),http://www.getty.edu/research/tools/vocabularies/aat/,,,,,,,,,incomplete,,,300232162,
CC00231,plain weave,"Textile in which warp/weft pathways are over/under every other thread. Tabby weave textiles are woven by a method based on a unit of two ends and two picks, in which each end passes over one and under one pick; the binding points are set over one end on successive picks.",The J. Paul Getty Trust,Open Data Commons Attribution License,Art and Architecture Thesaurus (AAT),http://www.getty.edu/research/tools/vocabularies/aat/,,,,,,,,,incomplete,,,300227906,
CC00232,plastic,"A general term for any of a large and varied class of natural or synthetic organic materials that can be molded, extruded, or cast when soft or liquid, and then set into a rigid or slightly elastic form. Natural plastics include tree resins, beeswax, gutta-percha, horn, and clay. Synthetic plastics were first made in the 19th century. Plastics are used widely in manufacturing.",The J. Paul Getty Trust,Open Data Commons Attribution License,Art and Architecture Thesaurus (AAT),http://www.getty.edu/research/tools/vocabularies/aat/,,,,,,,,,incomplete,,,300014570,
CC00177,pleated skirt,,,,,,https://dressdiscover.org/img/worksheet/full_size/429px-Pleated_skirt.jpg,https://dressdiscover.org/img/worksheet/thumbnail/429px-Pleated_skirt.jpg,full_size/429px-Pleated_skirt.jpg,thumbnail/429px-Pleated_skirt.jpg,David Ring,Public domain,Wikipedia,https://commons.wikimedia.org/wiki/File:Pleated_skirt.jpg,uploaded,,,,
CC00095,pleating,"Double folding a definite, even width of fabric and fixing it in place by sewing or pressing or both.",The J. Paul Getty Trust,Open Data Commons Attribution License,Art and Architecture Thesaurus (AAT),http://www.getty.edu/vow/AATFullDisplay?find=pleated&logic=AND&note=&english=N&prev_page=1&subjectid=300228556,https://dressdiscover.org/img/worksheet/full_size/Kilt_pleats_001.jpg,https://dressdiscover.org/img/worksheet/thumbnail/Kilt_pleats_001.jpg,full_size/Kilt_pleats_001.jpg,thumbnail/Kilt_pleats_001.jpg,Wikipedia User JFPerry~commonswiki,Creative Commons Attribution-Share Alike 2.5 Generic,Wikipedia,https://commons.wikimedia.org/wiki/File:Kilt_pleats_001.jpg,new,43472,https://upload.wikimedia.org/wikipedia/commons/3/3b/Kilt_pleats_001.jpg,300227874,
CC00162,pointed,"Having a form or outline delimited on at least one end by two intersecting lines, that is, tapering to or ending in a point or apex.",The J. Paul Getty Trust,Open Data Commons Attribution License,Art and Architecture Thesaurus (AAT),http://www.getty.edu/research/tools/vocabularies/aat/,,,,,,,,,incomplete,,,300078755,
CC00096,polishing,Process of rubbing a surface to make it smooth or shiny.,The J. Paul Getty Trust,Open Data Commons Attribution License,Art and Architecture Thesaurus (AAT),http://www.getty.edu/research/tools/vocabularies/aat/,,,,,,,,,incomplete,,,300053867,
CC00041,polo neck,,,,,,https://dressdiscover.org/img/worksheet/full_size/429px-Polo_shirt.jpg,https://dressdiscover.org/img/worksheet/thumbnail/429px-Polo_shirt.jpg,full_size/429px-Polo_shirt.jpg,thumbnail/429px-Polo_shirt.jpg,David Ring,Public domain,Wikipedia,https://commons.wikimedia.org/wiki/File:Polo_shirt.jpg,uploaded,,,300209896,
CC00115,Polonaise,,,,,,,,,,,,,,incomplete,,,,
CC00233,polyester,Refers to polyester polymers used as fibers woven into fabrics. (AAT),The J. Paul Getty Trust,Open Data Commons Attribution License,Art and Architecture Thesaurus (AAT),http://www.getty.edu/vow/AATFullDisplay?find=polyester&logic=AND&note=&english=N&prev_page=1&subjectid=300379829,,,,,,,,,incomplete,,,300379829,
CC00042,portrait collar,,,,,,,,,,,,,,incomplete,,,,
CC00178,prairie skirt,,,,,,,,,,,,,,incomplete,,,,
CC00097,printing,"Various means of reproducing identical copies of graphic matter in a fixed form. Processes by which an image, pictorial or textual, is transferred, usually to paper or cloth, most often by means of a plate, block, stone, or screen. Use also for the making of photographic prints and, with computers, for the production of a paper copy of stored data. For the production of prints in a fine arts context, prefer ""printmaking."" ",The J. Paul Getty Trust,Open Data Commons Attribution License,Art and Architecture Thesaurus (AAT),http://www.getty.edu/research/tools/vocabularies/aat/,,,,,,,,,incomplete,,,300053319,
CC00137,puff,,,,,,,,,,,,,,incomplete,,,,
CC00043,Puritan collar,,,,,,,,,,,,,,incomplete,,,,
CC00066,purple,"Hue name for the colors intermediate between red and blue, originally the colors derived from a crimson mollusk dye. (AAT)",The J. Paul Getty Trust,Open Data Commons Attribution License,Art and Architecture Thesaurus (AAT),http://www.getty.edu/research/tools/vocabularies/aat/,https://dressdiscover.org/img/worksheet/full_size/Color_icon_purple.jpg,https://dressdiscover.org/img/worksheet/thumbnail/Color_icon_purple.jpg,full_size/Color_icon_purple.jpg,thumbnail/Color_icon_purple.jpg,Wikimedia user Booyabazooka,Public domain,Wikipedia,https://commons.wikimedia.org/wiki/File:Color_icon_purple.png,new,43470,https://upload.wikimedia.org/wikipedia/commons/1/13/Color_icon_purple.png,300130257,
CC00098,quilting,"Stitching together two or more layers of cloth, usually working the stitches into designs.",The J. Paul Getty Trust,Open Data Commons Attribution License,Art and Architecture Thesaurus (AAT),http://www.getty.edu/research/tools/vocabularies/aat/,https://dressdiscover.org/img/worksheet/full_size/Caption__March_1__1962___6942858820_.jpg,https://dressdiscover.org/img/worksheet/thumbnail/Caption__March_1__1962___6942858820_.jpg,full_size/Caption__March_1__1962___6942858820_.jpg,thumbnail/Caption__March_1__1962___6942858820_.jpg,Mennonite Church USA Archives,no known copyright restrictions,Wikipedia,"https://commons.wikimedia.org/wiki/File:Caption-_March_1,_1962._(6942858820).jpg",new,43472,https://upload.wikimedia.org/wikipedia/commons/9/92/Caption-_March_1%2C_1962._%286942858820%29.jpg,300053656,
CC00138,raglan,,,,,,,,,,,,,,incomplete,,,,
CC00234,ramie,"Bast fiber obtained from the stems of several varieties of the species Boehmeria nivea, native to tropical Asia but cultivated in China, Japan, Europe, South America, and the United States. The Ramie has been used in China for paper and fabric since prehistoric times. Its use spread through Europe in the Middle Ages. It is white or green in color, depending upon the variety. It is soft, fine, and durable fiber that is very lustrous and dyes well, used for twine, fishnets, sewing thread, and fabric for clothing, summer suits, dresses, canvas, tablecloths, and upholstery. Ramie has also been used to produce strong paper for linings, banknotes, and cigarettes. ",The J. Paul Getty Trust,Open Data Commons Attribution License,Art and Architecture Thesaurus (AAT),http://www.getty.edu/research/tools/vocabularies/aat/,https://dressdiscover.org/img/worksheet/full_size/Radevormwald_Dahlerau___Wlfingmuseum_29_ies.jpg,https://dressdiscover.org/img/worksheet/thumbnail/Radevormwald_Dahlerau___Wlfingmuseum_29_ies.jpg,full_size/Radevormwald_Dahlerau___Wlfingmuseum_29_ies.jpg,thumbnail/Radevormwald_Dahlerau___Wlfingmuseum_29_ies.jpg,Frank Vincentz,Creative Commons Attribution-Share Alike 3.0 Unported,Wikipedia,https://commons.wikimedia.org/wiki/File:Radevormwald_Dahlerau_-_W%C3%BClfingmuseum_29_ies.jpg,new,43472,https://upload.wikimedia.org/wikipedia/commons/0/01/Radevormwald_Dahlerau_-_W%C3%BClfingmuseum_29_ies.jpg,300014071,
CC00235,rayon,Synthetic fiber made from regenerated cellulose.,The J. Paul Getty Trust,Open Data Commons Attribution License,Art and Architecture Thesaurus (AAT),http://www.getty.edu/research/tools/vocabularies/aat/,,,,,,,,,incomplete,,,300014059,
CC00067,red,"Hue name for one of the three primary additive colors; that portion of the spectrum lying at the lowest frequencies of light discernible by the human eye, with a wavelength range between 630 and 760 nanometers. The term may refer to any of this group of colors that vary in lightness and saturation. Examples of red color in nature are that of blood and ripe cherries.",The J. Paul Getty Trust,Open Data Commons Attribution License,Art and Architecture Thesaurus (AAT),http://www.getty.edu/vow/AATFullDisplay?find=red&logic=AND&note=&subjectid=300126225,https://dressdiscover.org/img/worksheet/full_size/Color_icon_red.jpg,https://dressdiscover.org/img/worksheet/thumbnail/Color_icon_red.jpg,full_size/Color_icon_red.jpg,thumbnail/Color_icon_red.jpg,Wikipedia user Badseed,Public domain,Wikipedia,https://commons.wikimedia.org/wiki/File:Color_icon_red.svg,new,43470,https://upload.wikimedia.org/wikipedia/commons/f/fd/Color_icon_red.svg,300126225,
CC00236,rib knit,,,,,,,,,,,,,,incomplete,,,,
CC00237,rib weave,"Woven fabrics with ribbed or corded effects in either the warp or filling direction. Warp faced rib weave has a fine warp covering a thicker weft. In weft faced rib weave, a thin weft completely covers a thicker warp.",The J. Paul Getty Trust,Open Data Commons Attribution License,Art and Architecture Thesaurus (AAT),http://www.getty.edu/research/tools/vocabularies/aat/,,,,,,,,,incomplete,,,300417856,
CC00238,ribbon,"Strips of fine textile, such as silk, satin, or velvet, often with a cord finish along both edges instead of selvage, forming a narrow strip or band, used for decorative trimming of a garment or for fastening or attaching something. May also refer to anything that resembles such objects, that is, any long, thin, flat, flexible strips of any material. (AAT)",The J. Paul Getty Trust,Open Data Commons Attribution License,Art and Architecture Thesaurus (AAT),http://www.getty.edu/vow/AATFullDisplay?find=ribbon&logic=AND&note=&english=N&prev_page=1&subjectid=300014668,https://dressdiscover.org/img/worksheet/full_size/1.png,https://dressdiscover.org/img/worksheet/thumbnail/1.jpg,full_size/1.png,thumbnail/1.jpg,Wikipedia user Slesik Svetlana,Creative Commons Attribution-Share Alike 4.0 International,Wikipedia,https://commons.wikimedia.org/wiki/File:%D0%9E%D1%80%D0%B4%D0%B5%D0%BD%D1%81%D0%BA%D0%B8%D0%B5_%D0%BB%D0%B5%D0%BD%D1%82%D1%8B_1.png,new,43472,https://upload.wikimedia.org/wikipedia/commons/7/76/%D0%9E%D1%80%D0%B4%D0%B5%D0%BD%D1%81%D0%BA%D0%B8%D0%B5_%D0%BB%D0%B5%D0%BD%D1%82%D1%8B_1.png,300014668,
CC00117,robe a l'Anglaise,,,,,,,,,,,,,,incomplete,,,,
CC00118,robe a la Francaise,,,,,,,,,,,,,,incomplete,,,,
CC00139,roll-up sleeves,,,,,,,,,,,,,,incomplete,,,,
CC00022,round gown,Refers to 18th- and 19th-century full-length gowns cut without a center front opening in the skirt and usually without a train.,The J. Paul Getty Trust,Open Data Commons Attribution License,Art and Architecture Thesaurus (AAT),http://www.getty.edu/research/tools/vocabularies/aat/,,,,,,,,,incomplete,,,300253745,
CC00119,round neckline,,,,,,https://dressdiscover.org/img/worksheet/full_size/429px-Round_neck.jpg,https://dressdiscover.org/img/worksheet/thumbnail/429px-Round_neck.jpg,full_size/429px-Round_neck.jpg,thumbnail/429px-Round_neck.jpg,David Ring,Public domain,Wikipedia,https://commons.wikimedia.org/wiki/File:Round_neck.jpg,uploaded,,,,
CC00044,ruffled neck,,,,,,https://dressdiscover.org/img/worksheet/full_size/429px-Ruffled_neck.jpg,https://dressdiscover.org/img/worksheet/thumbnail/429px-Ruffled_neck.jpg,full_size/429px-Ruffled_neck.jpg,thumbnail/429px-Ruffled_neck.jpg,David Ring,Public domain,Wikipedia,https://commons.wikimedia.org/wiki/File:Ruffled_neck.jpg,uploaded,,,,
CC00099,ruffling,,,,,,,,,,,,,,incomplete,,,,
CC00068,rust (color),,,,,,,,,,,,,,incomplete,,,,
CC00120,S-curve,,,,,,,,,,,,,,incomplete,,,,
CC00045,sailor collar,,,,,,https://dressdiscover.org/img/worksheet/full_size/429px-Sailor_collar.jpg,https://dressdiscover.org/img/worksheet/thumbnail/429px-Sailor_collar.jpg,full_size/429px-Sailor_collar.jpg,thumbnail/429px-Sailor_collar.jpg,David Ring,Public domain,Wikipedia,https://commons.wikimedia.org/wiki/File:Sailor_collar.jpg,uploaded,,,,
CC00179,sarong,"Main garments formed by wrapping a strip of cloth around the lower part of the body. Worn chiefly by men and women of the Malay Archipelago and the Pacific Islands. Also, similar often preformed garments worn by Western women.",The J. Paul Getty Trust,Open Data Commons Attribution License,Art and Architecture Thesaurus (AAT),http://www.getty.edu/vow/AATFullDisplay?find=sarong&logic=AND&note=&english=N&prev_page=1&subjectid=300209928,https://dressdiscover.org/img/worksheet/full_size/429px-Sarong.jpg,https://dressdiscover.org/img/worksheet/thumbnail/429px-Sarong.jpg,full_size/429px-Sarong.jpg,thumbnail/429px-Sarong.jpg,David Ring,Public domain,Wikipedia,https://commons.wikimedia.org/wiki/File:Sarong.jpg,uploaded,,,300209928,
CC00239,satin,"Woven textile characterized by a basic binding system or weave with smooth, shiny surface formed by long warp floats. Generally, each warp end passes over four or more adjacent weft picks and under the next one. (AAT)",The J. Paul Getty Trust,Open Data Commons Attribution License,Art and Architecture Thesaurus (AAT),http://www.getty.edu/vow/AATFullDisplay?find=satin&logic=AND&note=&english=N&prev_page=1&subjectid=300132902,,,,,,,,,incomplete,,,300132902,
CC00023,scoop neck,,,,,,https://dressdiscover.org/img/worksheet/full_size/StateLibQld_2_293551_Marie_Gertrude_Riley%2C_a_portrait.jpg,https://dressdiscover.org/img/worksheet/thumbnail/StateLibQld_2_293551_Marie_Gertrude_Riley%2C_a_portrait.jpg,full_size/StateLibQld_2_293551_Marie_Gertrude_Riley%2C_a_portrait.jpg,thumbnail/StateLibQld_2_293551_Marie_Gertrude_Riley%2C_a_portrait.jpg,"Unknown, but Item is held by John Oxley Library, State Library of Queensland",Public domain,Wikipedia,"https://commons.wikimedia.org/wiki/File:StateLibQld_2_293551_Marie_Gertrude_Riley,_a_portrait.jpg",uploaded,,,,
CC00258,shawl collar,,,,,,,,,,,,,,incomplete,,,,
CC00240,sheared pile,,,,,,,,,,,,,,incomplete,,,,
CC00121,sheath dress,"Close-fitting dresses with a tight, straight skirt.",The J. Paul Getty Trust,Open Data Commons Attribution License,Art and Architecture Thesaurus (AAT),http://www.getty.edu/research/tools/vocabularies/aat/,,,,,,,,,incomplete,,,300211788,
CC00241,shell,"Hard outer covering of invertebrate creatures, composed of calcareous or chitinous material.",The J. Paul Getty Trust,Open Data Commons Attribution License,Art and Architecture Thesaurus (AAT),http://www.getty.edu/research/tools/vocabularies/aat/,,,,,,,,,incomplete,,,300011829,
CC00122,shirtwaist dress,"Dresses having a shirtwaist bodice, typically including a center front button or stud placket opening, cuffs, and a collar, imitating certain details of a man's shirt. The bodice is attached straight or full skirt, often having a belt at the waist.",The J. Paul Getty Trust,Open Data Commons Attribution License,Art and Architecture Thesaurus (AAT),http://www.getty.edu/research/tools/vocabularies/aat/,,,,,,,,,incomplete,,,,
CC00145,short sleeve,,,,,,,,,,,,,,incomplete,,,,
CC00142,shoulder straps,"Strips of leather, cloth, or other material that pass over the shoulder and from which an article is suspended or a garment is held up. For strips used for fastening, use ""straps.""",The J. Paul Getty Trust,Open Data Commons Attribution License,Art and Architecture Thesaurus (AAT),http://www.getty.edu/research/tools/vocabularies/aat/,,,,,,,,,incomplete,,,300259717,
CC00242,silk,"Textile made from silk fiber, which is a fiber derived from the cocoon of the silkworm moth.",The J. Paul Getty Trust,Open Data Commons Attribution License,Art and Architecture Thesaurus (AAT),http://www.getty.edu/research/tools/vocabularies/aat/,,,,,,,,,incomplete,,,300243428,
CC00140,sleeve panes,,,,,,,,,,,,,,incomplete,,,,
CC00123,slip,"Underwear usually made the length of the garment under which it is to be worn, thereby taking the place of a lining. Usually applied to full slips with a bodice and shoulder straps made in dress length. Prefer ""half slips"" for skirtlike underwear extending from the waist to near the hemline of the garment with which it is worn.",The J. Paul Getty Trust,Open Data Commons Attribution License,Art and Architecture Thesaurus (AAT),http://www.getty.edu/research/tools/vocabularies/aat/,https://dressdiscover.org/img/worksheet/full_size/Ecrufullslip.jpg,https://dressdiscover.org/img/worksheet/thumbnail/Ecrufullslip.jpg,full_size/Ecrufullslip.jpg,thumbnail/Ecrufullslip.jpg,Wikipedia User Tranquil Garden,Creative Commons Attribution-Share Alike 4.0 International,Wikipedia  ,https://commons.wikimedia.org/wiki/File:Ecrufullslip.jpg,new,43472,https://upload.wikimedia.org/wikipedia/commons/3/31/Ecrufullslip.jpg,300210564,
CC00100,smocking,"Refers to the process applied to a garment or other piece of fabric, comprising gathering tucks and working the tucks with a simple or decorative stitch.",The J. Paul Getty Trust,Open Data Commons Attribution License,Art and Architecture Thesaurus (AAT),http://www.getty.edu/research/tools/vocabularies/aat/,,,,,,,,,incomplete,,,300264622,
CC00008,snaps,Fastening devices that close with a click when the two parts are fitted tightly into each other.,The J. Paul Getty Trust,Open Data Commons Attribution License,Art and Architecture Thesaurus (AAT),http://www.getty.edu/research/tools/vocabularies/aat/,https://dressdiscover.org/img/worksheet/full_size/484px-Druckknopf.jpg,https://dressdiscover.org/img/worksheet/thumbnail/484px-Druckknopf.jpg,full_size/484px-Druckknopf.jpg,thumbnail/484px-Druckknopf.jpg,Wikimedia user Grkauls,Public domain,Wikipedia,https://commons.wikimedia.org/wiki/File:Druckknopf.jpg,uploaded,,,300239270,
CC00243,spandex,"Synthetic elastomeric fiber or fabric composed largely of alternating rigid and flexible segments of polyurethane. It is used in the clothing industry, especially for hosiery, underwear, swimwear, and other close-fitting garments. Spandex is the generic name in the United States and Canada. Elastane is the generic name used elsewhere. Lycra is a proprietary name for this material.",The J. Paul Getty Trust,Open Data Commons Attribution License,Art and Architecture Thesaurus (AAT),http://www.getty.edu/research/tools/vocabularies/aat/,,,,,,,,,incomplete,,,300310125,
CC00024,square neckline,,,,,,https://dressdiscover.org/img/worksheet/full_size/429px-Square_neck.jpg,https://dressdiscover.org/img/worksheet/thumbnail/429px-Square_neck.jpg,full_size/429px-Square_neck.jpg,thumbnail/429px-Square_neck.jpg,David Ring,Public domain,Wikipedia,https://commons.wikimedia.org/wiki/File:Square_neck.jpg,uploaded,,,,
CC00141,straight,,,,,,,,,,,,,,incomplete,,,,
CC00025,strapless,,,,,,https://dressdiscover.org/img/worksheet/full_size/429px-Strapless_dress.jpg,https://dressdiscover.org/img/worksheet/thumbnail/429px-Strapless_dress.jpg,full_size/429px-Strapless_dress.jpg,thumbnail/429px-Strapless_dress.jpg,David Ring,Public domain,Wikipedia,https://commons.wikimedia.org/wiki/File:Strapless_dress.jpg,uploaded,,,,
CC00181,swagged,,,,,,,,,,,,,,incomplete,,,,
CC00026,sweetheart,,,,,,,,,,,,,,incomplete,,,,
CC00244,synthetic fiber,"Fiber made from chemical substances, used for textile production.",The J. Paul Getty Trust,Open Data Commons Attribution License,Art and Architecture Thesaurus (AAT),http://www.getty.edu/vow/AATFullDisplay?find=synthetic+fiber&logic=AND&note=&english=N&prev_page=1&subjectid=300014058,,,,,,,,,incomplete,,,,
CC00245,taffeta,"Crisp textile, typically in plain weave, sometimes with a fine crosswise rib and a smooth lustrous surface on both sides, originally of silk, now of various fibers.",The J. Paul Getty Trust,Open Data Commons Attribution License,Art and Architecture Thesaurus (AAT),http://www.getty.edu/research/tools/vocabularies/aat/,https://dressdiscover.org/img/worksheet/full_size/Woman_s_Dress_LACMA_M_2007_211_35__3_of_7_.jpg,https://dressdiscover.org/img/worksheet/thumbnail/Woman_s_Dress_LACMA_M_2007_211_35__3_of_7_.jpg,full_size/Woman_s_Dress_LACMA_M_2007_211_35__3_of_7_.jpg,thumbnail/Woman_s_Dress_LACMA_M_2007_211_35__3_of_7_.jpg,Los Angeles County Museum of Art,Public Domain,Wikipedia,https://commons.wikimedia.org/wiki/File:Woman%27s_Dress_LACMA_M.2007.211.35_(3_of_7).jpg,new,43472,https://upload.wikimedia.org/wikipedia/commons/3/39/Woman%27s_Dress_LACMA_M.2007.211.35_%283_of_7%29.jpg,300249434,
CC00069,tan,A light to moderate brownish tawny color. The term originally referred to the color of crushed oak bark or tannin that is employed to tan leather.,The J. Paul Getty Trust,Open Data Commons Attribution License,Art and Architecture Thesaurus (AAT),http://www.getty.edu/research/tools/vocabularies/aat/,,,,,,,,,incomplete,,,300266248,
CC00143,tank top,,,,,,,,,,,,,,incomplete,,,,
CC00070,teal,"Colors in a range of a bluish grayish green, resembling the color of certain patches feathers of the teal (a river duck).",The J. Paul Getty Trust,Open Data Commons Attribution License,Art and Architecture Thesaurus (AAT),http://www.getty.edu/research/tools/vocabularies/aat/,,,,,,,,,incomplete,,,300311051,
CC00009,thread eyelets,,,,,,,,,,,,,,incomplete,,,,
CC00147,three-quarter length sleeve,,,,,,,,,,,,,,incomplete,,,,
CC00182,tiered,,,,,,,,,,,,,,incomplete,,,,
CC00010,ties,"Cords, bands, or similar flexible devices used for fastening, especially by interlacing, such as in a knot or bow.",The J. Paul Getty Trust,Open Data Commons Attribution License,Art and Architecture Thesaurus (AAT),http://www.getty.edu/research/tools/vocabularies/aat/,,,,,,,,,incomplete,,,300239307,
CC00125,toga,"Loose mantles of undyed woolen cloth worn by men and women of ancient Rome. Also, similar loose wraps made of various fabrics and worn in various historical periods.",The J. Paul Getty Trust,Open Data Commons Attribution License,Art and Architecture Thesaurus (AAT),http://www.getty.edu/research/tools/vocabularies/aat/,,,,,,,,,incomplete,,,300209868,
CC00011,toggles,"Rodlike buttons of wood or other material, attached to cord, leather, or chain loops and designed to be passed through another loop as a fastener on a garment.",The J. Paul Getty Trust,Open Data Commons Attribution License,Art and Architecture Thesaurus (AAT),http://www.getty.edu/research/tools/vocabularies/aat/,,,,,,,,,incomplete,,,300254540,
CC00194,train,"Extended parts of a skirt, gown, or state robe that lie on the floor and trail behind the wearer, either separate or attached. (AAT)",The J. Paul Getty Trust,Open Data Commons Attribution License,Art and Architecture Thesaurus (AAT),http://www.getty.edu/vow/AATFullDisplay?find=train&logic=AND&note=&english=N&prev_page=1&subjectid=300224243,https://dressdiscover.org/img/worksheet/full_size/429px-Train_%28clothing%29.jpg,https://dressdiscover.org/img/worksheet/thumbnail/429px-Train_%28clothing%29.jpg,full_size/429px-Train_%28clothing%29.jpg,thumbnail/429px-Train_%28clothing%29.jpg,David Ring,Public domain,Wikipedia,https://commons.wikimedia.org/wiki/File:Train_(clothing).jpg,uploaded,,,300224243,
CC00124,trapeze dress,,,,,,,,,,,,,,incomplete,,,,
CC00183,trumpet skirt,,,,,,,,,,,,,,incomplete,,,,
CC00325,tucks,,,,,,,,,,,,,,incomplete,,,,
CC00126,tunic,"Simple slip-on garments made with or without sleeves and usually knee-length or longer and belted at the waist; especially those worn by men and women of ancient Greece and Rome. Also, garments extending from the neckline to the waist or longer, usually high-necked and worn over other garments.",The J. Paul Getty Trust,Open Data Commons Attribution License,Art and Architecture Thesaurus (AAT),http://www.getty.edu/research/tools/vocabularies/aat/,,,,,,,,,incomplete,,,300209869,
CC00071,turquoise,"Refers to a range of bluish and greenish colors resembling the turquoise mineral, typically a light to moderate greenish blue.",The J. Paul Getty Trust,Open Data Commons Attribution License,Art and Architecture Thesaurus (AAT),http://www.getty.edu/research/tools/vocabularies/aat/,,,,,,,,,incomplete,,,300311024,
CC00047,turtleneck,,,,,,,,,,,,,,incomplete,,,,
CC00246,twill weave,"Refers to a woven textile characterized by parallel diagonal ridges or ribs, produced by passing the weft threads over one and under two or more threads of the warp, instead of over and under in regular succession, as in plain weaving. Regular twill features a diagonal line that is repeated regularly, usually running from the left to right at a 45-degree angle and upward. The weave may be varied in several ways, including changing the angle or direction of the twill line, as exemplified in herringbone twill.",The J. Paul Getty Trust,Open Data Commons Attribution License,Art and Architecture Thesaurus (AAT),http://www.getty.edu/research/tools/vocabularies/aat/,,,,,,,,,incomplete,,,300227915,
CC00027,v-neck,,,,,,https://dressdiscover.org/img/worksheet/full_size/429px-V-neck.jpg,https://dressdiscover.org/img/worksheet/thumbnail/429px-V-neck.jpg,full_size/429px-V-neck.jpg,thumbnail/429px-V-neck.jpg,David Ring,Public domain,Wikipedia,https://commons.wikimedia.org/wiki/File:V-neck.jpg,uploaded,,,,
CC00012,velcro,,,,,,,,,,,,,,incomplete,,,,
CC00247,velvet,"Warp pile weave, typically silk, with a short, soft dense pile produced by a supplementary warp that is raised in loops above the surface of the textile through the introduction of rods during the weaving; the loops may be cut or left uncut.",The J. Paul Getty Trust,Open Data Commons Attribution License,Art and Architecture Thesaurus (AAT),http://www.getty.edu/research/tools/vocabularies/aat/,https://dressdiscover.org/img/worksheet/full_size/Jacka___del_av_Nordstjrneordens_drkt_frn_cirka_1820___Livrustkammaren___108329.tif,https://dressdiscover.org/img/worksheet/thumbnail/Jacka___del_av_Nordstjrneordens_drkt_frn_cirka_1820___Livrustkammaren___108329.jpg,full_size/Jacka___del_av_Nordstjrneordens_drkt_frn_cirka_1820___Livrustkammaren___108329.tif,thumbnail/Jacka___del_av_Nordstjrneordens_drkt_frn_cirka_1820___Livrustkammaren___108329.jpg,Livrustkammaren (The Royal Armoury) / Jens Mohr,Public Domain,Wikipedia,https://commons.wikimedia.org/wiki/File:Jacka_-_del_av_Nordstj%C3%A4rneordens_dr%C3%A4kt_fr%C3%A5n_cirka_1820_-_Livrustkammaren_-_108329.tif,new,43472,https://upload.wikimedia.org/wikipedia/commons/thumb/0/0d/Jacka_-_del_av_Nordstj%C3%A4rneordens_dr%C3%A4kt_fr%C3%A5n_cirka_1820_-_Livrustkammaren_-_108329.tif/lossy-page1-400px-Jacka_-_del_av_Nordstj%C3%A4rneordens_dr%C3%A4kt_fr%C3%A5n_cirka_1820_-_Livrustkammaren_-_108329.tif.jpg,300133711,
CC00248,wax,"Any solid or semi-solid substance that is slightly greasy to touch, usually solid, translucent, and has a low melting point; waxes are not a chemically homogeneous group. Waxes are composed of long chain hydrocarbon compounds, and may contain esters of fatty acids and alcohols, are thermoplastic and melt at low temperatures of between 40 and 100 C. In general, waxes are water-repellent, smooth, soluble in organic solvents, and classified as animal (e.g., beeswax), vegetable (e.g., bayberry), mineral (e.g., paraffin), or synthetic (e.g., polyethylene). Waxes are used for polishes, candles, crayons, sealants, coatings, adhesives, waterproofing, carbon paper, media in encaustic and wax emulsion paintings, and as repellents in wax-resist watercolor paintings.",The J. Paul Getty Trust,Open Data Commons Attribution License,Art and Architecture Thesaurus (AAT),http://www.getty.edu/research/tools/vocabularies/aat/,https://dressdiscover.org/img/worksheet/full_size/Honey_comb.jpg,https://dressdiscover.org/img/worksheet/thumbnail/Honey_comb.jpg,full_size/Honey_comb.jpg,thumbnail/Honey_comb.jpg,Wikipedia User Merdal at Turkish Wikipedia,Creative Commons Attribution-Share Alike 3.0 Unported,Wikipedia,https://commons.wikimedia.org/wiki/File:Honey_comb.jpg,new,43472,https://upload.wikimedia.org/wikipedia/commons/f/f7/Honey_comb.jpg,300014585,
CC00101,weaving,"Generally, the process of interlacing strands or strips of various materials, such as cane, textile, or twigs, to make materials or objects such as wicker, cloth, baskets, or wreaths. Specifically used for the process of making textile on a loom or other weaving device by interlacing warp and weft in a particular order.",The J. Paul Getty Trust,Open Data Commons Attribution License,Art and Architecture Thesaurus (AAT),http://www.getty.edu/research/tools/vocabularies/aat/,,,,,,,,,incomplete,,,300053642,
CC00072,white,"UCL (Universal Color Language) standard color name identifying whitish colors, such as the color of snow or milk. More specifically, white is the absence of color. It is the color produced by reflection, transmission, or emission of all kinds of light in the proportion in which they exist in the complete visible spectrum, without sensible absorption, being thus fully luminous and devoid of any distinctive hue.",The J. Paul Getty Trust,Open Data Commons Attribution License,Art and Architecture Thesaurus (AAT),http://www.getty.edu/research/tools/vocabularies/aat/,https://dressdiscover.org/img/worksheet/full_size/Color_icon_white.jpg,https://dressdiscover.org/img/worksheet/thumbnail/Color_icon_white.jpg,full_size/Color_icon_white.jpg,thumbnail/Color_icon_white.jpg,Wikipedia User Badseed,Public Domain,Wikipedia,https://commons.wikimedia.org/wiki/File:Color_icon_white.svg,new,43472,https://upload.wikimedia.org/wikipedia/commons/thumb/5/57/Color_icon_white.svg/300px-Color_icon_white.svg.png,300129784,
CC00048,wingtip collar,,,,,,,,,,,,,,incomplete,,,,
CC00249,wood,The principal tissue of trees and other plants that provides both strength and a means of conducting nutrients. Wood is one of the most versatile materials known.,The J. Paul Getty Trust,Open Data Commons Attribution License,Art and Architecture Thesaurus (AAT),http://www.getty.edu/research/tools/vocabularies/aat/,https://dressdiscover.org/img/worksheet/full_size/16_wood_samples.jpg,https://dressdiscover.org/img/worksheet/thumbnail/16_wood_samples.jpg,full_size/16_wood_samples.jpg,thumbnail/16_wood_samples.jpg,Wikipedia User Anonimski,Public Domain,Wikipedia,https://commons.wikimedia.org/wiki/File:16_wood_samples.jpg,new,43472,https://upload.wikimedia.org/wikipedia/commons/4/4b/16_wood_samples.jpg,300011914,
CC00250,wool,Textile made from the animal hair wool. (AAT),The J. Paul Getty Trust,Open Data Commons Attribution License,Art and Architecture Thesaurus (AAT),http://www.getty.edu/vow/AATFullDisplay?find=wool&logic=AND&note=&english=N&prev_page=1&subjectid=300243430,https://dressdiscover.org/img/worksheet/full_size/Merino_shearing.jpg,https://dressdiscover.org/img/worksheet/thumbnail/Merino_shearing.jpg,full_size/Merino_shearing.jpg,thumbnail/Merino_shearing.jpg,Wikipedia User Charles Esson,Creative Commons Attribution-Share Alike 3.0 Unported,Wikipedia,https://commons.wikimedia.org/wiki/File:Merino_shearing.jpg,new,43472,https://upload.wikimedia.org/wikipedia/commons/f/fa/Merino_shearing.jpg,300243430,
CC00007,wrap dress,,,,,,,,,,,,,,incomplete,,,,
CC00073,yellow,"Hue name for one of the three primary subtractive colors. Represents that portion of the spectrum lying between green and orange, with a wavelength range between 565 and 590 nanometers. The term may refer to any of this group of colors that vary in lightness and saturation. Examples of yellow color in nature are that of a ripe lemon and the yolk of an egg.",The J. Paul Getty Trust,Open Data Commons Attribution License,Art and Architecture Thesaurus (AAT),http://www.getty.edu/research/tools/vocabularies/aat/,https://dressdiscover.org/img/worksheet/full_size/Color_icon_yellow.jpg,https://dressdiscover.org/img/worksheet/thumbnail/Color_icon_yellow.jpg,full_size/Color_icon_yellow.jpg,thumbnail/Color_icon_yellow.jpg,Wikimedia user Booyabazooka,Public domain,Wikipedia,https://commons.wikimedia.org/wiki/File:Color_icon_yellow.png,new,43472,https://upload.wikimedia.org/wikipedia/commons/e/e3/Color_icon_yellow.png,300127794,
CC00013,zipper,Fasteners consisting usually of two rows of metal or plastic teeth on strips of tape for binding to the edges of an opening and having a sliding piece that closes the opening by drawing the teeth into interlocking position.,The J. Paul Getty Trust,Open Data Commons Attribution License,Art and Architecture Thesaurus (AAT),http://www.getty.edu/research/tools/vocabularies/aat/,https://dressdiscover.org/img/worksheet/full_size/Zip.jpg,https://dressdiscover.org/img/worksheet/thumbnail/Zip.jpg,full_size/Zip.jpg,thumbnail/Zip.jpg,Wikipedia user Woodbine9,Creative Commons Attribution-Share Alike,Wikipedia,https://commons.wikimedia.org/wiki/File:Coil_plastic_and_metal_zippers.jpg,uploaded,,https://upload.wikimedia.org/wikipedia/commons/a/a5/Coil_plastic_and_metal_zippers.jpg,,