id,display_name,description_text,description_rights_author,description_rights_license,description_rights_source_name,description_rights_source_url,image_full_size_url,image_thumbnail_url,image_rights_author,image_rights_license,image_rights_source_name,image_rights_source_url
buckle,,Devices used for fastening consisting of a usually open rectangular or rounded frame and a tongue or catch attached to one side or a vertical bar attached across the center. Sometimes used alone as an ornament. ,The J. Paul Getty Trust ,Open Data Commons Attribution License ,Art and Architecture Thesaurus (AAT) ,http://www.getty.edu/research/tools/vocabularies/aat/ ,http://worksheet.dressdiscover.org/img/full_size/Closure/Buckle.jpg,http://worksheet.dressdiscover.org/img/thumbnail/Closure/Buckle.jpg,David Ring ,Public domain,Wikipedia / Europeana Fashion Thesaurus ,https://commons.wikimedia.org/wiki/File:Buckle.jpg
buttons,,"Disks, balls, or devices of other shape having holes or a shank by which they are sewn or secured to an article and that are used as fasteners by passing through a buttonhole or loop or a trimming.",The J. Paul Getty Trust ,Open Data Commons Attribution License ,Art and Architecture Thesaurus (AAT) ,http://www.getty.edu/research/tools/vocabularies/aat/ ,http://worksheet.dressdiscover.org/img/full_size/Closure/Button.jpg,http://worksheet.dressdiscover.org/img/thumbnail/Closure/Button.jpg,Marco Bernardini ,Creative Commons Attribution-Share Alike ,Wikipedia,https://en.wikipedia.org/wiki/Button
frogs,,,,,,,http://worksheet.dressdiscover.org/img/full_size/Closure/Frog closure.jpg,http://worksheet.dressdiscover.org/img/thumbnail/Closure/Frog closure.jpg,David Ring ,Public domain,Wikipedia / Europeana Fashion Thesaurus ,https://commons.wikimedia.org/wiki/File:Frog_(fastening).jpg
hooks and eyes,,"Two-part fastening devices, as on a garment or a door, consisting of a hook that catches over a bar or into a loop.",The J. Paul Getty Trust ,Open Data Commons Attribution License ,Art and Architecture Thesaurus (AAT) ,http://www.getty.edu/research/tools/vocabularies/aat/ ,http://worksheet.dressdiscover.org/img/full_size/Closure/Hook-and-eye.jpg,http://worksheet.dressdiscover.org/img/thumbnail/Closure/Hook-and-eye.jpg,Wikipedia user Eitan F ,Creative Commons Attribution-Share Alike ,Wikipedia,https://en.wikipedia.org/wiki/Hook-and-eye
lacing,,"Cords, bands, or similar flexible devices used for fastening, especially by interlacing, such as in a knot or bow ",The J. Paul Getty Trust ,Open Data Commons Attribution License ,Art and Architecture Thesaurus (AAT) ,http://www.getty.edu/research/tools/vocabularies/aat/ ,http://worksheet.dressdiscover.org/img/full_size/Closure/Lacing.jpg,http://worksheet.dressdiscover.org/img/thumbnail/Closure/Lacing.jpg ,David Ring ,Public domain,Wikipedia / Europeana Fashion Thesaurus ,https://commons.wikimedia.org/wiki/File:Lace_(fastening).jpg
metal eyelets,,,,,,,,,,,,
none,,,,,,,,,,,,
snaps,,Fastening devices that close with a click when the two parts are fitted tightly into each other. ,The J. Paul Getty Trust ,Open Data Commons Attribution License ,Art and Architecture Thesaurus (AAT) ,http://www.getty.edu/research/tools/vocabularies/aat/ ,http://worksheet.dressdiscover.org/img/full_size/484px-Druckknopf.jpg,http://worksheet.dressdiscover.org/img/thumbnail/484px-Druckknopf.jpg,Wikimedia user Grkauls,Public domain,Wikipedia,https://commons.wikimedia.org/wiki/File:Druckknopf.jpg
thread eyelets,,,,,,,,,,,,
ties,,,,,,,,,,,,
toggles,,,,,,,,,,,,
velcro,,,,,,,,,,,,
zipper,,Fasteners consisting usually of two rows of metal or plastic teeth on strips of tape for binding to the edges of an opening and having a sliding piece that closes the opening by drawing the teeth into interlocking position.,The J. Paul Getty Trust ,Open Data Commons Attribution License ,Art and Architecture Thesaurus (AAT) ,http://www.getty.edu/research/tools/vocabularies/aat/ ,http://worksheet.dressdiscover.org/img/full_size/Closure/Zip.jpg,http://worksheet.dressdiscover.org/img/thumbnail/Closure/Zip.jpg ,Wikipedia user Woodbine9 ,Creative Commons Attribution-Share Alike ,Wikipedia,https://commons.wikimedia.org/wiki/File:Coil_plastic_and_metal_zippers.jpg
boat neck,,,,,,,http://worksheet.dressdiscover.org/img/full_size/429px-Boat_neck.jpg,http://worksheet.dressdiscover.org/img/thumbnail/429px-Boat_neck.jpg,David Ring,Public domain,Wikipedia,https://commons.wikimedia.org/wiki/File:Boat_neck.jpg
crew,,,,,,,http://worksheet.dressdiscover.org/img/full_size/Blue_Tshirt.jpg,http://worksheet.dressdiscover.org/img/thumbnail/Blue_Tshirt.jpg,Wikimedia user Camisetas,Creative Commons Attribution-Share Alike ,Wikipedia,https://commons.wikimedia.org/wiki/File:Blue_Tshirt.jpg
halter,,"Garments having a strap encircling the neck and supporting the front of the bodice, leaving shoulders and most of the back bare.",The J. Paul Getty Trust ,Open Data Commons Attribution License ,Art and Architecture Thesaurus (AAT) ,http://www.getty.edu/vow/AATFullDisplay?find=halter&logic=AND&note=&english=N&prev_page=1&subjectid=300209885,http://worksheet.dressdiscover.org/img/full_size/Haltertop.jpg,http://worksheet.dressdiscover.org/img/thumbnail/Haltertop.jpg,Wikimedia user At~A~Glance,Creative Commons Attribution,Wikipedia,https://commons.wikimedia.org/wiki/File:Haltertop.jpg
henley,,,,,,,http://worksheet.dressdiscover.org/img/full_size/205px-Shirt-types.svg.png,http://worksheet.dressdiscover.org/img/thumbnail/205px-Shirt-types.svg.png,Wikimedia Users: Elkagye and Themightyquill,Creative Commons Attribution-Share Alike ,Wikipedia,https://commons.wikimedia.org/wiki/File:Shirt-types.svg
inset,,,,,,,,,,,,
jewel,,,,,,,,,,,,
keyhole,,,,,,,http://worksheet.dressdiscover.org/img/full_size/8391654158_088580f6d1_b.jpg,http://worksheet.dressdiscover.org/img/thumbnail/8391654158_088580f6d1_b.jpg,Uploaded to Flickr by user Bess Georgette,Creative Commons Attribution-Share Alike ,Flickr,https://www.flickr.com/photos/46724642@N07/8391654158
off the shoulder,,,,,,,,,,,,
round,,,,,,,http://worksheet.dressdiscover.org/img/full_size/429px-Round_neck.jpg,http://worksheet.dressdiscover.org/img/thumbnail/429px-Round_neck.jpg,David Ring,Public domain,Wikipedia,https://commons.wikimedia.org/wiki/File:Round_neck.jpg
scoop,,,,,,,http://worksheet.dressdiscover.org/img/full_size/StateLibQld_2_293551_Marie_Gertrude_Riley%2C_a_portrait.jpg,http://worksheet.dressdiscover.org/img/thumbnail/StateLibQld_2_293551_Marie_Gertrude_Riley%2C_a_portrait.jpg,"Unknown, but Item is held by John Oxley Library, State Library of Queensland",Public domain,Wikipedia,"https://commons.wikimedia.org/wiki/File:StateLibQld_2_293551_Marie_Gertrude_Riley,_a_portrait.jpg"
square,,,,,,,http://worksheet.dressdiscover.org/img/full_size/429px-Square_neck.jpg,http://worksheet.dressdiscover.org/img/thumbnail/429px-Square_neck.jpg,David Ring,Public domain,Wikipedia,https://commons.wikimedia.org/wiki/File:Square_neck.jpg
strapless,,,,,,,http://worksheet.dressdiscover.org/img/full_size/429px-Strapless_dress.jpg,http://worksheet.dressdiscover.org/img/thumbnail/429px-Strapless_dress.jpg,David Ring,Public domain,Wikipedia,https://commons.wikimedia.org/wiki/File:Strapless_dress.jpg
sweetheart,,,,,,,,,,,,
v-neck,,,,,,,http://worksheet.dressdiscover.org/img/full_size/429px-V-neck.jpg,http://worksheet.dressdiscover.org/img/thumbnail/429px-V-neck.jpg,David Ring,Public domain,Wikipedia,https://commons.wikimedia.org/wiki/File:V-neck.jpg
ascot,,Neckcloths with broad ends usually looped and tied under the chin and sometimes secured by a stickpin.,The J. Paul Getty Trust ,Open Data Commons Attribution License ,Art and Architecture Thesaurus (AAT) ,http://www.getty.edu/vow/AATFullDisplay?find=ascot&logic=AND&note=&english=N&prev_page=1&subjectid=300210052,http://worksheet.dressdiscover.org/img/full_size/429px-Ascot.jpg,http://worksheet.dressdiscover.org/img/thumbnail/429px-Ascot.jpg,David Ring,Public domain,Wikipedia,https://commons.wikimedia.org/wiki/File:Ascot.jpg
band,,"Flat, stand-up collars, starched, wired, or otherwise stiffened, especially those commonly worn by men and women in the 17th century.",The J. Paul Getty Trust ,Open Data Commons Attribution License ,Art and Architecture Thesaurus (AAT) ,http://www.getty.edu/vow/AATFullDisplay?find=band&logic=AND&note=&english=N&prev_page=1&subjectid=300217242,http://worksheet.dressdiscover.org/img/full_size/429px-Band_%28collar%29.jpg,http://worksheet.dressdiscover.org/img/thumbnail/429px-Band_%28collar%29.jpg,David Ring,Public domain,Wikipedia,https://commons.wikimedia.org/wiki/File:Band_(collar).jpg
bertha,,,,,,,,,,,,
bow,,,,,,,,,,,,
Chelsea,,,,,,,,,,,,
convertible,,,,,,,,,,,,
cowl,,,,,,,,,,,,
funnel,,,,,,,,,,,,
jabot,,"Detachable, made-up cascades of soft fabric, often lace, worn at the center front of the neckline over other garments. (AAT)",The J. Paul Getty Trust ,Open Data Commons Attribution License ,Art and Architecture Thesaurus (AAT) ,http://www.getty.edu/vow/AATFullDisplay?find=jabot&logic=AND&note=&english=N&prev_page=1&subjectid=300210062,http://worksheet.dressdiscover.org/img/full_size/429px-Jabot.jpg,http://worksheet.dressdiscover.org/img/thumbnail/429px-Jabot.jpg,David Ring,Public domain,Wikipedia,https://commons.wikimedia.org/wiki/File:Jabot.jpg
Mandarin,,,,,,,http://worksheet.dressdiscover.org/img/full_size/348px-File-Abhisit_Vejjajiva_2_October_2009_cropped.jpg,http://worksheet.dressdiscover.org/img/thumbnail/348px-File-Abhisit_Vejjajiva_2_October_2009_cropped.jpg,Abhisit Vejjajiva (on Flickr),Creative Commons Attribution,Flickr,https://commons.wikimedia.org/wiki/File:File-Abhisit_Vejjajiva_2_October_2009_cropped.jpg
Napoleon,,,,,,,,,,,,
peaked lapel,,,,,,,,,,,,
Peter Pan,,,,,,,http://worksheet.dressdiscover.org/img/full_size/429px-Peter_Pan_collar.jpg,http://worksheet.dressdiscover.org/img/thumbnail/429px-Peter_Pan_collar.jpg,David Ring,Public domain,Wikipedia,https://commons.wikimedia.org/wiki/File:Peter_Pan_collar.jpg
polo,,"Pullover shirts with short or long sleeves and a turnover collar or a round banded neck. Usually made of a soft absorbent fabric, such as knitted cotton. (AAT)",The J. Paul Getty Trust ,Open Data Commons Attribution License ,Art and Architecture Thesaurus (AAT) ,http://www.getty.edu/vow/AATFullDisplay?find=polo+shirt&logic=AND&note=&english=N&prev_page=1&subjectid=300209896,http://worksheet.dressdiscover.org/img/full_size/429px-Polo_shirt.jpg,http://worksheet.dressdiscover.org/img/thumbnail/429px-Polo_shirt.jpg,David Ring,Public domain,Wikipedia,https://commons.wikimedia.org/wiki/File:Polo_shirt.jpg
portrait,,,,,,,,,,,,
Puritan,,,,,,,,,,,,
ruffled,,,,,,,http://worksheet.dressdiscover.org/img/full_size/429px-Ruffled_neck.jpg,http://worksheet.dressdiscover.org/img/thumbnail/429px-Ruffled_neck.jpg,David Ring,Public domain,Wikipedia,https://commons.wikimedia.org/wiki/File:Ruffled_neck.jpg
sailor,,,,,,,http://worksheet.dressdiscover.org/img/full_size/429px-Sailor_collar.jpg,http://worksheet.dressdiscover.org/img/thumbnail/429px-Sailor_collar.jpg,David Ring,Public domain,Wikipedia,https://commons.wikimedia.org/wiki/File:Sailor_collar.jpg
shawl,,,,,,,,,,,,
turtleneck,,,,,,,,,,,,
wingtip,,,,,,,,,,,,
beige,,,,,,,,,,,,
black,,,,,,,,,,,,
blue,,,,,,,,,,,,
brown,,,,,,,,,,,,
burgundy,,,,,,,,,,,,
coral,,,,,,,,,,,,
cream,,,,,,,,,,,,
fuchsia,,,,,,,,,,,,
gold,,,,,,,,,,,,
gray,,,,,,,,,,,,
green,,,,,,,,,,,,
lavender,,,,,,,,,,,,
maroon,,"A range of dark reddish or purplish brown colors resembling the color of dyes or colorants made from chestnut bark, derived from trees or shrubs of the genus Castanea of the beech family; from the Italian word for chestnut, ""marrone.""",The J. Paul Getty Trust ,Open Data Commons Attribution License ,Art and Architecture Thesaurus (AAT) ,http://www.getty.edu/vow/AATFullDisplay?find=maroon&logic=AND&note=&english=N&prev_page=1&subjectid=300311173,,,,,,
multi,,,,,,,,,,,,
navy,,,,,,,,,,,,
orange,,,,,,,,,,,,
pink,,,,,,,,,,,,
purple,,,,,,,,,,,,
red,,"Hue name for one of the three primary additive colors; that portion of the spectrum lying at the lowest frequencies of light discernible by the human eye, with a wavelength range between 630 and 760 nanometers. The term may refer to any of this group of colors that vary in lightness and saturation. Examples of red color in nature are that of blood and ripe cherries.",The J. Paul Getty Trust ,Open Data Commons Attribution License ,Art and Architecture Thesaurus (AAT) ,http://www.getty.edu/vow/AATFullDisplay?find=red&logic=AND&note=&subjectid=300126225,,,,,,
rust,,,,,,,,,,,,
tan,,,,,,,,,,,,
teal,,,,,,,,,,,,
turquoise,,,,,,,,,,,,
white,,,,,,,,,,,,
yellow,,,,,,,,,,,,
applique,,,,,,,,,,,,
beading,,,,,,,,,,,,
braiding,,,,,,,,,,,,
burn-out,,,,,,,,,,,,
crocheting,,,,,,,,,,,,
drawloom,,,,,,,,,,,,
embossing,,,,,,,,,,,,
embroidery,,,,,,,,,,,,
flocking,,,,,,,,,,,,
glazing,,,,,,,,,,,,
hand sewing,,,,,,,,,,,,
hand weaving,,,,,,,,,,,,
knitting,,,,,,,,,,,,
lace making,,,,,,,,,,,,
machine sewing,,,,,,,,,,,,
mercerizing,,,,,,,,,,,,
needle work,,,,,,,,,,,,
needlepoint,,,,,,,,,,,,
painting,,,,,,,,,,,,
piecing,,,,,,,,,,,,
piping,,,,,,,,,,,,
pleating,,,,,,,,,,,,
polishing,,,,,,,,,,,,
printing,,,,,,,,,,,,
quilting,,,,,,,,,,,,
ruffling,,,,,,,,,,,,
smocking,,,,,,,,,,,,
weaving,,,,,,,,,,,,
A-line,,,,,,,,,,,,
bias-cut,,,,,,,,,,,,
bustle,,Frames of varied construction worn at or below the waist in the back to distend the garment backward at the hips.,The J. Paul Getty Trust ,Open Data Commons Attribution License ,Art and Architecture Thesaurus (AAT) ,http://www.getty.edu/vow/AATFullDisplay?find=&logic=AND&note=&subjectid=300210580,http://worksheet.dressdiscover.org/img/full_size/429px-Bustle.jpg,http://worksheet.dressdiscover.org/img/thumbnail/429px-Bustle.jpg,David Ring,Public domain,Wikipedia,https://commons.wikimedia.org/wiki/File:Bustle.jpg
chemise,,,,,,,,,,,,
coat,,,,,,,,,,,,
crinoline,,"Petticoats originally made with a stiff, woven fabric of horsehair, linen, cotton, or wool. Later often used in conjunction with hoops of whalebone or steel.",The J. Paul Getty Trust ,Open Data Commons Attribution License ,Art and Architecture Thesaurus (AAT) ,http://www.getty.edu/vow/AATFullDisplay?find=crinoline&logic=AND&note=&english=N&prev_page=1&subjectid=300210554,http://worksheet.dressdiscover.org/img/full_size/429px-Crinoline.jpg,http://worksheet.dressdiscover.org/img/thumbnail/429px-Crinoline.jpg,David Ring,Public domain,Wikipedia,https://commons.wikimedia.org/wiki/File:Crinoline.jpg
drop-waist,,,,,,,,,,,,
Empire,,,,,,,,,,,,
fit and flare,,,,,,,,,,,,
hourglass,,,,,,,,,,,,
jumper,,,,,,,,,,,,
mantua,,,,,,,,,,,,
pinafore,,,,,,,,,,,,
Polonaise,,,,,,,,,,,,
princess,,,,,,,,,,,,
robe a l'Anglaise,,,,,,,,,,,,
robe a la Francaise,,,,,,,,,,,,
round gown,,,,,,,,,,,,
S-curve,,,,,,,,,,,,
sheath,,,,,,,,,,,,
shirtwaist,,,,,,,,,,,,
slip,,,,,,,,,,,,
trapeze,,,,,,,,,,,,
toga,,,,,,,,,,,,
tunic,,,,,,,,,,,,
wrap,,,,,,,,,,,,
batwing,,"A long sleeve with a deep armhole, tapering towards the wrist. Also known as a ""magyar"" sleeve.",Wikipedia contributors,Creative Commons Attribution-ShareAlike,Wikipedia,https://en.wikipedia.org/w/index.php?title=Sleeve&oldid=826178611,http://worksheet.dressdiscover.org/img/full_size/429px-Batwing_sleeve.jpg,http://worksheet.dressdiscover.org/img/thumbnail/429px-Batwing_sleeve.jpg,David Ring,Public domain,Wikipedia,https://commons.wikimedia.org/wiki/File%3ABatwing_sleeve.jpg
bell,,,,,,,,,,,,
bishop,,"A long sleeve, fuller at the bottom than the top, and gathered into a cuff",Wikipedia contributors,Creative Commons Attribution-ShareAlike,Wikipedia,https://en.wikipedia.org/w/index.php?title=Sleeve&oldid=826178611,http://worksheet.dressdiscover.org/img/full_size/Bishops_sleeve.jpg,http://worksheet.dressdiscover.org/img/thumbnail/Bishops_sleeve.jpg,Wikimedia user Henna,Public domain,Wikipedia,https://commons.wikimedia.org/wiki/File:Bishops_sleeve.jpg#metadata
dolman,,,,,,,,,,,,
Juliet,,,,,,,,,,,,
kimono,,"A sleeve cut in one with the bodice in a wide sloping shape, similar to that on traditional Chinese robes (not Japanese kimono whose sleeves are sewn separately).",Wikipedia contributors,Creative Commons Attribution-ShareAlike,Wikipedia,https://en.wikipedia.org/w/index.php?title=Sleeve&oldid=826178611,http://worksheet.dressdiscover.org/img/full_size/429px-Kimono_sleeve.jpg,http://worksheet.dressdiscover.org/img/thumbnail/429px-Kimono_sleeve.jpg,Wikimedia user Henna,Public domain,Wikipedia,https://commons.wikimedia.org/wiki/File:Kimono_sleeve.jpg
lantern,,,,,,,,,,,,
leg o'mutton,,A sleeve that is extremely wide over the upper arm and narrow from the elbow to the wrist.,Wikipedia contributors,Creative Commons Attribution-ShareAlike,Wikipedia,https://en.wikipedia.org/w/index.php?title=Sleeve&oldid=826178611,http://worksheet.dressdiscover.org/img/full_size/File:Leg-of-mutton_sleeve.jpg,http://worksheet.dressdiscover.org/img/thumbnail/File:Leg-of-mutton_sleeve.jpg,Wikimedia user Henna,Public domain,Wikipedia,https://commons.wikimedia.org/wiki/File:Leg-of-mutton_sleeve.jpg
petal,,,,,,,,,,,,
puff,,,,,,,,,,,,
raglan,,,,,,,,,,,,
roll-up,,,,,,,,,,,,
panes,,,,,,,,,,,,
straight,,,,,,,,,,,,
straps,,,,,,,,,,,,
tank,,,,,,,,,,,,
cap,,,,,,,,,,,,
short,,,,,,,,,,,,
elbow,,,,,,,,,,,,
three-quarter,,,,,,,,,,,,
long,,,,,,,,,,,,
extra long,,,,,,,,,,,,
hanging,,,,,,,,,,,,
angled,,,,,,,,,,,,
asymmetrical,,,,,,,,,,,,
bare midriff,,,,,,,,,,,,
basque,,,,,,,,,,,,
bolero,,,,,,,,,,,,
curved,,,,,,,,,,,,
dropped,,,,,,,,,,,,
high,,,,,,,,,,,,
hip-level,,,,,,,,,,,,
natural,,,,,,,,,,,,
no waistline,,,,,,,,,,,,
pointed,,,,,,,,,,,,
accordion-pleated,,,,,,,,,,,,
balloon,,,,,,,,,,,,
box-pleated,,"Wide double pleats, with the material folded under at each side. For wide double pleats having the flat fold turned in rather than out, use ""inverted pleats.""",The J. Paul Getty Trust ,Open Data Commons Attribution License ,Art and Architecture Thesaurus (AAT) ,http://www.getty.edu/vow/AATFullDisplay?find=pleat&logic=AND&note=&english=N&prev_page=1&subjectid=300228368,http://worksheet.dressdiscover.org/img/full_size/800px-Box_pleats_1.jpg,http://worksheet.dressdiscover.org/img/thumbnail/800px-Box_pleats_1.jpg,maco *nix on Flickr,Creative Commons Attribution-Share Alike,Wikipedia,https://commons.wikimedia.org/wiki/File:Box_pleats_1.jpg
circular,,,,,,,,,,,,
dirndl,,,,,,,,,,,,
flared,,,,,,,,,,,,
flounced,,,,,,,http://worksheet.dressdiscover.org/img/full_size/429px-Flounce.jpg,http://worksheet.dressdiscover.org/img/thumbnail/429px-Flounce.jpg,David Ring,Public domain,Wikipedia,https://commons.wikimedia.org/wiki/File:Flounce.jpg
gathered,,"Bunching folds of textile together by pulling on a thread stitched through it for this purpose or on one or more of its constituent filaments, to create fullness.",The J. Paul Getty Trust ,Open Data Commons Attribution License ,Art and Architecture Thesaurus (AAT) ,http://www.getty.edu/vow/AATFullDisplay?find=gather&logic=AND&note=&english=N&prev_page=1&subjectid=300231237,http://worksheet.dressdiscover.org/img/full_size/677px-Faldilla-frunzida.jpg,http://worksheet.dressdiscover.org/img/thumbnail/677px-Faldilla-frunzida.jpg,Joan Rocaguinard,Creative Commons Attribution-Share Alike,Wikipedia,https://commons.wikimedia.org/wiki/File:Faldilla-frunzida.jpg
gored,,"Roughly triangular or wedge-shaped segments of objects, as found in domes, globes, umbrellas, or skirts.",The J. Paul Getty Trust ,Open Data Commons Attribution License ,Art and Architecture Thesaurus (AAT) ,http://www.getty.edu/vow/AATFullDisplay?find=gore&logic=AND&note=&english=N&prev_page=1&subjectid=300001316,http://worksheet.dressdiscover.org/img/full_size/Four-gored-skirt.png,http://worksheet.dressdiscover.org/img/thumbnail/Four-gored-skirt.png,Wikimedia User: Sophus Bie,Creative Commons Attribution-Share Alike,Wikipedia,https://commons.wikimedia.org/wiki/File:Four-gored-skirt.png
handkerchief,,,,,,,,,,,,
layered,,,,,,,,,,,,
peg-top,,,,,,,,,,,,
pegged,,,,,,,,,,,,
peplum,,"Short, skirtlike sections of a costume attached at the waistline, such as on a bodice or jacket, and usually extending to cover the hips.",The J. Paul Getty Trust ,Open Data Commons Attribution License ,Art and Architecture Thesaurus (AAT) ,http://www.getty.edu/vow/AATFullDisplay?find=peplum&logic=AND&note=&english=N&prev_page=1&subjectid=300248709,http://worksheet.dressdiscover.org/img/full_size/429px-Peplum.jpg,http://worksheet.dressdiscover.org/img/thumbnail/429px-Peplum.jpg,David Ring,Public domain,Wikipedia,https://commons.wikimedia.org/wiki/File:Peplum.jpg
pleated,,"Double folding a definite, even width of fabric and fixing it in place by sewing or pressing or both.",The J. Paul Getty Trust ,Open Data Commons Attribution License ,Art and Architecture Thesaurus (AAT) ,http://www.getty.edu/vow/AATFullDisplay?find=pleated&logic=AND&note=&english=N&prev_page=1&subjectid=300228556,http://worksheet.dressdiscover.org/img/full_size/429px-Pleated_skirt.jpg,http://worksheet.dressdiscover.org/img/thumbnail/429px-Pleated_skirt.jpg,David Ring,Public domain,Wikipedia,https://commons.wikimedia.org/wiki/File:Pleated_skirt.jpg
prairie,,,,,,,,,,,,
sarong,,"Main garments formed by wrapping a strip of cloth around the lower part of the body. Worn chiefly by men and women of the Malay Archipelago and the Pacific Islands. Also, similar often preformed garments worn by Western women.",The J. Paul Getty Trust ,Open Data Commons Attribution License ,Art and Architecture Thesaurus (AAT) ,http://www.getty.edu/vow/AATFullDisplay?find=sarong&logic=AND&note=&english=N&prev_page=1&subjectid=300209928,http://worksheet.dressdiscover.org/img/full_size/429px-Sarong.jpg,http://worksheet.dressdiscover.org/img/thumbnail/429px-Sarong.jpg,David Ring,Public domain,Wikipedia,https://commons.wikimedia.org/wiki/File:Sarong.jpg
pencil,,a tailored skirt hanging straight from the hips and fitted from the waist to the hips by means of darts or a yoke; may have a vent or kick-pleat set in the hem for ease of walking,Wikipedia contributors,Creative Commons Attribution-ShareAlike,Wikipedia,https://en.wikipedia.org/w/index.php?title=Skirt&oldid=826503853,http://worksheet.dressdiscover.org/img/full_size/328px-Bakst_fantasy_on_modern_costume_Atalanta_1912.jpg,http://worksheet.dressdiscover.org/img/thumbnail/328px-Bakst_fantasy_on_modern_costume_Atalanta_1912.jpg,Léon Bakst,Public domain,Wikipedia,https://commons.wikimedia.org/wiki/File:Bakst_fantasy_on_modern_costume_Atalanta_1912.jpg
swagged,,,,,,,,,,,,
tiered,,,,,,,,,,,,
trumpet,,,,,,,,,,,,
yoked,,,,,,,,,,,,
above knee,,,,,,,,,,,,
ankle length,,,,,,,,,,,,
floor length,,,,,,,http://worksheet.dressdiscover.org/img/full_size/First_Lady_Betty_Ford%27s_orange_and_pink_striped_gown.jpg,http://worksheet.dressdiscover.org/img/thumbnail/First_Lady_Betty_Ford%27s_orange_and_pink_striped_gown.jpg,Gerald R. Ford Presidential Library and Museum ,Public domain,Wikipedia,https://commons.wikimedia.org/wiki/File:First_Lady_Betty_Ford%27s_orange_and_pink_striped_gown.jpg
hip length,,,,,,,,,,,,
knee length,,,,,,,,,,,,
maxi,,"Extra long skirts that usually extend to the ankle. Also, similar components of a dress, coat, or the like. (AAT)",The J. Paul Getty Trust ,Open Data Commons Attribution License ,Art and Architecture Thesaurus (AAT) ,http://www.getty.edu/vow/AATFullDisplay?find=maxi&logic=AND&note=&english=N&prev_page=1&subjectid=300221718,http://worksheet.dressdiscover.org/img/full_size/Maxiskirt.jpg,http://worksheet.dressdiscover.org/img/thumbnail/Maxiskirt.jpg,David Ring,Public domain,Wikipedia,https://commons.wikimedia.org/wiki/File:Maxiskirt.jpg
mid calf length,,,,,,,http://worksheet.dressdiscover.org/img/full_size/460px-StateLibQld_1_198347_Models_wearing_billowy_dresses_on_the_beach_at_Surfers_Paradise%2C_1951.jpg,http://worksheet.dressdiscover.org/img/thumbnail/460px-StateLibQld_1_198347_Models_wearing_billowy_dresses_on_the_beach_at_Surfers_Paradise%2C_1951.jpg,"Poulsen, Harry (Cameracraft)",Public domain,Wikipedia,"https://commons.wikimedia.org/wiki/File:StateLibQld_1_198347_Models_wearing_billowy_dresses_on_the_beach_at_Surfers_Paradise,_1951.jpg"
mid-thigh length,,,,,,,,,,,,
midi,,,,,,,,,,,,
train,,"Extended parts of a skirt, gown, or state robe that lie on the floor and trail behind the wearer, either separate or attached. (AAT)",The J. Paul Getty Trust ,Open Data Commons Attribution License ,Art and Architecture Thesaurus (AAT) ,http://www.getty.edu/vow/AATFullDisplay?find=train&logic=AND&note=&english=N&prev_page=1&subjectid=300224243,http://worksheet.dressdiscover.org/img/full_size/429px-Train_%28clothing%29.jpg,http://worksheet.dressdiscover.org/img/thumbnail/429px-Train_%28clothing%29.jpg,David Ring,Public domain,Wikipedia,https://commons.wikimedia.org/wiki/File:Train_(clothing).jpg
acetate,,,,,,,,,,,,
acrylic,,,,,,,,,,,,
angora,,,,,,,,,,,,
basket weave,,,,,,,,,,,,
boning,,,,,,,,,,,,
brocade,,"Textile produced by brocading, typically richly figured and incorporating metal thread. (AAT)",The J. Paul Getty Trust ,Open Data Commons Attribution License ,Art and Architecture Thesaurus (AAT) ,http://www.getty.edu/vow/AATFullDisplay?find=brocade&logic=AND&note=&english=N&prev_page=1&subjectid=300227779,http://worksheet.dressdiscover.org/img/full_size/431px-Dress_or_Furnishing_Fabric_Italy_or_France%2C_Textile._Silk_brocade_30_1-2_x_21_3-4%27_LACMA_M.81.69.6.jpg,http://worksheet.dressdiscover.org/img/thumbnail/431px-Dress_or_Furnishing_Fabric_Italy_or_France%2C_Textile._Silk_brocade_30_1-2_x_21_3-4%27_LACMA_M.81.69.6.jpg,LACMA,Public domain,Wikipedia,"https://commons.wikimedia.org/wiki/File:Dress_or_Furnishing_Fabric_Italy_or_France,_Textile._Silk_brocade_30_1-2_x_21_3-4%27_LACMA_M.81.69.6.jpg"
camel,,,,,,,,,,,,
cashmere,,,,,,,,,,,,
chiffon,,"Sheer, lightweight plain-woven textile of fine, tightly-twisted yarn, originally of silk now also of various synthetic fibers, used, for example, for scarves, dresses, blouses, underwear, and veils. (AAT)",The J. Paul Getty Trust ,Open Data Commons Attribution License ,Art and Architecture Thesaurus (AAT) ,http://www.getty.edu/vow/AATFullDisplay?find=chiffon&logic=AND&note=&english=N&prev_page=1&subjectid=300249449,,,,,,
corduroy,,,,,,,http://worksheet.dressdiscover.org/img/full_size/Fabric/Corduroy.jpg,http://worksheet.dressdiscover.org/img/thumbnail/Fabric/Corduroy.jpg,Wikipedia user Ludek ,Creative Commons Attribution-Share Alike ,Wikipedia,https://commons.wikimedia.org/wiki/File:Mansestr.jpg
cotton,,,,,,,,,,,,
crepe,,"Lightweight textile made of various types of fiber, having a crinkled surface obtained by using hard twisted thread or yarn, by printing with caustic soda, by weaving with varied tensions, or by embossing. (AAT)",The J. Paul Getty Trust ,Open Data Commons Attribution License ,Art and Architecture Thesaurus (AAT) ,http://www.getty.edu/vow/AATFullDisplay?find=crepe&logic=AND&note=&english=N&prev_page=1&subjectid=300183741,,,,,,
crochet,,,,,,,,,,,,
damask,,,,,,,,,,,,
dobby weave,,,,,,,,,,,,
double-weave,,,,,,,,,,,,
elastic,,,,,,,,,,,,
felt,,,,,,,,,,,,
fiber blend,,,,,,,,,,,,
georgette,,,,,,,,,,,,
glass,,,,,,,,,,,,
hemp,,,,,,,,,,,,
jacquard,,,,,,,,,,,,
knit,,,,,,,,,,,,
lace,,"Refers to a fine, openwork ornamental textile work formed by looping, interlacing, twisting, plaiting, or braiding threads of linen, cotton, silk, hair, metal, or another fiber to form designs or patterns. Lace may be made with a needle or with bobbins. Embroidery may be added. Modern lace may be made by machine. Openwork fabrics made on a loom and ornamental openwork knitting are generally not classified as lace. Lace is often white or monochromatic. True lace developed in the fourteenth century in Europe and the Middle East, although ornamented openwork fabrics were known in ancient cultures, including the Egyptian culture. Lace may be used as a border, edging, or insert on linens or apparel; it is also formed into large pieces of cloth used for hangings, draperies, apparel, or other items. (AAT)",The J. Paul Getty Trust ,Open Data Commons Attribution License ,Art and Architecture Thesaurus (AAT) ,http://www.getty.edu/vow/AATFullDisplay?find=lace&logic=AND&note=&english=N&prev_page=2&subjectid=300132861,http://worksheet.dressdiscover.org/img/full_size/lossy-page1-428px-Lace_fragment.tif.jpg,http://worksheet.dressdiscover.org/img/thumbnail/lossy-page1-428px-Lace_fragment.tif.jpg,David Ring,Public domain,Wikipedia,https://commons.wikimedia.org/wiki/File:Lace_fragment.tif
leather,,"The skin or hide of an animal that has been tanned to render it resistant to putrefication and relatively soft and flexible when dry. For composite material made from scrap leather pieces, use maril. (AAT)",The J. Paul Getty Trust ,Open Data Commons Attribution License ,Art and Architecture Thesaurus (AAT) ,http://www.getty.edu/vow/AATFullDisplay?find=leather&logic=AND&note=&english=N&prev_page=1&subjectid=300011845,,,,,,
linen,,,,,,,,,,,,
looped pile,,,,,,,,,,,,
matelasse,,,,,,,,,,,,
metal,,"Any of a large group of substances that typically show a characteristic luster, are good conductors of electricity and heat, are opaque, can be fused, and are usually malleable or ductile. (AAT)",The J. Paul Getty Trust ,Open Data Commons Attribution License ,Art and Architecture Thesaurus (AAT) ,http://www.getty.edu/vow/AATFullDisplay?find=metal&logic=AND&note=&english=N&prev_page=2&subjectid=300010900,,,,,,
microfiber,,,,,,,,,,,,
mohair,,,,,,,,,,,,
moire,,"Patterns having a watered or rippled look. Where this produces an illusion of movement, use moiré effect. (AAT)",The J. Paul Getty Trust ,Open Data Commons Attribution License ,Art and Architecture Thesaurus (AAT) ,http://www.getty.edu/vow/AATFullDisplay?find=moire&logic=AND&note=&english=N&prev_page=1&subjectid=300010241,,,,,,
natural fiber,,,,,,,,,,,,
net,,"Refers to an open weave textile made of thread, twine, yarn, or cord, usually of silk, cotton, nylon, or rayon, with fine to coarse meshes of fixed dimension. It is characterized by being a simple mesh joined by knots; it may be made by hand or by machine. It may be used to make various items from veils and trimming on clothing to tennis nets and fishing nets. Fine net that is used in lace, headwear, and other apparel is often referred to as netting rather than as net. For the objects consisting of meshed arrangements of threads, cords, or ropes that have been twisted, knotted, or woven together at regular intervals, use nets (objects). (AAT)",The J. Paul Getty Trust ,Open Data Commons Attribution License ,Art and Architecture Thesaurus (AAT) ,http://www.getty.edu/vow/AATFullDisplay?find=net&logic=AND&note=&english=N&prev_page=1&subjectid=300249438,,,,,,
nylon,,Any of a variety of thermoplastic polymers originally developed as textile fibers and used in fabrics. They have a straight-chain polyamide structure and are largely heat-resistant.,The J. Paul Getty Trust ,Open Data Commons Attribution License ,Art and Architecture Thesaurus (AAT) ,http://www.getty.edu/vow/AATFullDisplay?find=nylon&logic=AND&note=&english=N&prev_page=1&subjectid=300014462,,,,,,
plain weave,,,,,,,,,,,,
plastic,,,,,,,,,,,,
polyester,,Refers to polyester polymers used as fibers woven into fabrics. (AAT),The J. Paul Getty Trust ,Open Data Commons Attribution License ,Art and Architecture Thesaurus (AAT) ,http://www.getty.edu/vow/AATFullDisplay?find=polyester&logic=AND&note=&english=N&prev_page=1&subjectid=300379829,,,,,,
ramie,,,,,,,,,,,,
rayon,,,,,,,,,,,,
rib knit,,,,,,,,,,,,
rib weave,,,,,,,,,,,,
ribbon,,"Strips of fine textile, such as silk, satin, or velvet, often with a cord finish along both edges instead of selvage, forming a narrow strip or band, used for decorative trimming of a garment or for fastening or attaching something. May also refer to anything that resembles such objects, that is, any long, thin, flat, flexible strips of any material. (AAT)",The J. Paul Getty Trust ,Open Data Commons Attribution License ,Art and Architecture Thesaurus (AAT) ,http://www.getty.edu/vow/AATFullDisplay?find=ribbon&logic=AND&note=&english=N&prev_page=1&subjectid=300014668,,,,,,
satin,,"Woven textile characterized by a basic binding system or weave with smooth, shiny surface formed by long warp floats. Generally, each warp end passes over four or more adjacent weft picks and under the next one. (AAT)",The J. Paul Getty Trust ,Open Data Commons Attribution License ,Art and Architecture Thesaurus (AAT) ,http://www.getty.edu/vow/AATFullDisplay?find=satin&logic=AND&note=&english=N&prev_page=1&subjectid=300132902,,,,,,
sheared pile,,,,,,,,,,,,
shell,,,,,,,,,,,,
silk,,,,,,,,,,,,
spandex,,,,,,,,,,,,
synthetic fiber,,"Fiber made from chemical substances, used for textile production.",The J. Paul Getty Trust ,Open Data Commons Attribution License ,Art and Architecture Thesaurus (AAT) ,http://www.getty.edu/vow/AATFullDisplay?find=synthetic+fiber&logic=AND&note=&english=N&prev_page=1&subjectid=300014058,,,,,,
taffeta,,,,,,,,,,,,
twill weave,,,,,,,,,,,,
velvet,,,,,,,,,,,,
wax,,,,,,,,,,,,
wood,,,,,,,,,,,,
wool,,Textile made from the animal hair wool. (AAT),The J. Paul Getty Trust ,Open Data Commons Attribution License ,Art and Architecture Thesaurus (AAT) ,http://www.getty.edu/vow/AATFullDisplay?find=wool&logic=AND&note=&english=N&prev_page=1&subjectid=300243430,,,,,,